RMF FM	http://rmfstream1.interia.pl:80/rmf_fm	0
RMF MAXXX	http://rmfstream1.interia.pl:80/rmf_maxxx_byd	0
RMF CLASSIC	http://rmfstream1.interia.pl:80//rmf_classic	0
RADIO GRA TORUŃ	http://217.74.72.6:80/radio_gra	0
RADIO ZET	http://playerservices.streamtheworld.com/api/livestream-redirect/RADIO_ZET.mp3	0
Chilizet	http://playerservices.streamtheworld.com/api/livestream-redirect/CHILLI.mp3	0
MELORADIO	http://playerservices.streamtheworld.com/api/livestream-redirect/MELORADIO.mp3	30
RADIO HIT Włocławek	http://46.170.199.85:8000/;	0
MEGA RADIO	http://stream.rcs.revma.com:80/q18ty3qhwzzuv	0
VOX FM	http://ic2.smcdn.pl:80/3990-1.mp3	0
ESKA ROCK	http://ic1.smcdn.pl/5380-1.mp3	0
ESKA BYDGOSZCZ	http://ic2.smcdn.pl:80/2030-1.mp3	0
Eska2	http://ic2.smcdn.pl:80/1380-1.mp3	6
Radio Plus Bydgoszcz	http://pl.cdn.eurozet.pl:80/plu-bdg.mp3	0
RADIO POGODA BYDGOSZCZ	http://radiostream.pl/tuba143-1.mp3	0
ZŁOTE PRZEBOJE BYDGOSZCZ	http://radiostream.pl/tuba8902-1.mp3	0
Rock FM Bydgoszcz	http://217.182.76.63:8000/rfmweb	0
ROCK RADIO	http://radiostream.pl/tuba9006-1.mp3	0
TOK FM	http://playerservices.streamtheworld.com/api/livestream-redirect/RADIO_TOKFM.mp3	0
Radio Weekend	http://stream.rcs.revma.com/vw8w2zwpsy3vv	0
WASZE RADIO	https://sluchaj.link:5443/wasze	0
WNET	http://media.wnet.fm:80/wnet.fm	0
Radio Nuta	http://stream.rcs.revma.com:80/0004tehdxzzuv	0
Disco Radio	http://stream.rcs.revma.com:80/cvswvmyewzzuv	0
PR1	http://stream3.polskieradio.pl:8900/;	0
PR2	http://mp3.polskieradio.pl:8902/;	0
PR3	http://stream3.polskieradio.pl:8904/;	0
PR4	http://stream3.polskieradio.pl:8906/;	0
PR24	http://stream3.polskieradio.pl:8080/;	0
PR DZIECIOM	http://mp3.polskieradio.pl:8916/;	0
PR Chopin	http://mp3.polskieradio.pl:8910/;	0
RADIO PIK	http://stream.radiopik.pl:9004/;	0
RDC	http://stream2.nadaje.com:11140/rdc	0
ANTYRADIO	http://an01.cdn.eurozet.pl/ant-waw.mp3	0
Radio Emaus	http://stream.radioemaus.pl:8000/mp3stream	0
RADIO KOLOR	http://stream.rcs.revma.com/nrfscb49xd3vv	0
RADIO NAKŁO	http://sluchaj2.107i5.fm/;	0
RADIO KUJAWY	http://radio.kujawy.info:9940/;	0
Radio Elka	http://live.elka.pl:8000/elkamp3	0
RADIO LUZ	http://radioluz.pwr.edu.pl:8000/luzhifi.mp3	0
Pro-Radio	http://radiointernetowe.net:7802/;	0
Radio Szczecin Extra	http://stream3.nadaje.com:8200/szczecinfm	0
Radio 5 Suwałki	http://streaming.radio5.com.pl:8880/radio5_suwalki	0
Radio 7	http://137.74.5.240:443/;	0
Radio 90	http://streams.radio90.pl:8000/radio90_128kbps_stereo.mp3	0
Muzyczne Radio	https://stream1.dabcom.pl/mr_flac	0
Radio Starogard	http://n02a-eu.rcs.revma.com:80/5wegfyrra2zuv	0
Radio Sochaczew	https://stream.radiosochaczew.pl//;stream.mp3	0
Radio Imperium	http://91.193.208.21:8000/stream	0
Radio Bielsko	http://n04a-eu.rcs.revma.com/062uq3z3kwzuv	0
Radio Żnin	http://stream4.nadaje.com:8052/;	0
Radio Gold Live	http://s1.slotex.pl:7062/;	-50
Radio Maryja	https://radiomaryja.fastcast4u.com/tunein/radiomaryja.pls	0
Radio Gdynia	http://51.255.8.139:8064/;	0
Radio40plus	http://s1.slotex.pl:7178/listen.xtl?sid=1	0
Radio Białystok	http://stream4.nadaje.com:15476/radiobialystok	0
Radio Zachód	http://stream01.zachod.pl:10103/test	0
Radio Droga	http://radiodroga.net:8000/stream	0
Radio Rodzina	http://sluchaj.radiorodzina.pl:80/RadioRodzinaWroclawLIVE.mp3	0
RADIO PARK	http://sluchaj2.radiopark.biz.pl:8055/stream	2
Twoje Radio	http://51.77.59.65:8100/stream.mp3	0
Radio Kraków	http://stream3.nadaje.com:9118/radiokrakow	0
Radio Baobab	http://stream.radiobaobab.pl:8000/radiobaobab.mp3	0
Radio ONY	http://n13a-eu.rcs.revma.com:80/yxv344rra2zuv	0
Inne Radio	http://s3.slotex.pl:7004/stream/1/	0
Radio Afera	http://poznan5-3.radio.pionier.net.pl:8000/afera.mp3	0
Radio AIN KARIM	https://stream1.dabcom.pl/radioainkarim	0
POPradio	https://sluchaj.link:5443/popradio	0
Radio Gdańsk	http://stream.task.gda.pl:8000/rg1	0
Radio Jutrzenka	http://sluchaj.radiojutrzenka.waw.pl:12854/test	0
Radio Włocławek po polsku	http://radio.kujawy.info:10140/1	0
Radio Gra Wrocław	http://31.192.216.7:80/radio_gra_wroc	0
Radio TOP80	http://radio.top80.pl:9940/	0
Radio WoM	http://gra.radiowom.pl:9120/;	0
Radio Zawiercie	http://51.255.8.139:9078/stream	0
Bayer FM	http://streaming.radio5.com.pl:8880/bayerfm	0
Radio Express	http://n44a-eu.rcs.revma.com/yx6cub73kwzuv	0
Radio Q	http://79.188.161.82:8020/;stream.mp3	0
Radio Parada	http://stream4.nadaje.com:15274/live	0
Radio Głos	http://87.204.92.180:8000/;	0
Radio Plus	http://pl01.cdn.eurozet.pl/plu-waw.mp3	0
Radio Warta	http://s1.slotex.pl:7446/;mp3	0
Radio Warszawa	http://streaming01.technologicznie.net:8765/radio_warszawa.mp3	0
Off Radio Kraków	http://stream4.nadaje.com:13332/offradiokrakow	0
NDR N-JOY	http://www.ndr.de:80/resources/metadaten/audio/m3u/n-joy.m3u	0
Radio Opole2 Kultura	http://dab.radio.opole.pl:8060/1	0
Radio Wrocław Kultura	http://stream4.nadaje.com:9230/rwkultura	0
Radio Zak 88,8 FM	http://ra.man.lodz.pl:8000/radiozak6.mp3	0
Rock Serwis FM	http://stream9.nadaje.com:8002/live	0
Radio El-Stacja	http://radio.el-stacja.pl:8000/elstacja320mp3	0
Radio Italo4You	http://s4.radiohost.pl:8000/;mp3	0
MC RADIO	http://stream4.nadaje.com:10128/mcradio_mp3	14
Radio RAM Wroclaw	https://stream2.prw.pl:8001/radioram192	0
Eden Fm	http://s1.slotex.pl:7402/;	0
Radio Wroclaw 104.9 FM	http://stream4.nadaje.com:9240/prw	0
Twoja Polska Stacja	http://sluchaj.twojapolskastacja.pl:8068/;mp3	0
Planeta	http://pa04.cdn.eurozet.pl:80/pla-net.mp3?redirected=04	0
Radio 357	http://n25a-eu.rcs.revma.com:80/an1ugyygzk8uv	0
Radio Nowy Świat	http://stream.nowyswiat.online/mp3	0
Radio Łódź	http://217.113.224.171:80/RadioLodz-1-HQ.aac	0
Radio eM Katowice 107,6 FM	http://194.181.177.253:8000/;	0
Trendy Radio Chojnice	http://stream.trendyradio.pl:8000/h	0
RadioFreee 89.9FM	http://streaming.radio.lublin.pl:8000/rf_mp3	0
Antyradio Classic Rock	​https://an01.cdn.eurozet.pl/ANTCLA.mp3	0
Tok Plus Muzyka	http://stream10.radioagora.pl:80/ytBTynyvd3e.mp3	0
RDN-Malopolska	http://stream1.dabcom.pl:80/rdn_mpl	0
Nedds24.pl	http://s1.nedds24.pl:8100/radio.mp3	0
Super FM	http://stream.super.fm:8000/superfm.mp3	0
Radio Vanessa	http://s1.slotex.pl:7358/;	0
Radio UWM FM	http://213.184.18.156:8000/;	0
Banita Maxx Radio	http://91.232.4.33:9454/stream	0
Radio SUD	http://stream2.nadaje.com:8012/;	0
Radio Trendy	http://stream.trendyradio.pl:8000/h	0
Radio Konin	http://stream2.technologicznie.net:80/konin.fm	0
Hit Radio	http://51.255.8.139:9090/stream	0
Akademickie Radio Index	http://212.109.136.69:8000/stream/1/	0
Radio Kierowców	http://stream3.polskieradio.pl:8918/;	0
Radio bezpieczna podroz	https://ssl-1.radiohost.pl:9162/;	0
Radio ZET 2000	http://zt03.cdn.eurozet.pl/ZET200.mp3?redirected=03	0
Radio Świnoujście	http://185.243.52.116:8010/stream/1/	0
skladankinetpl	http://s1.slotex.pl:7488/;	0
Radio Doxa	http://81.210.92.213:8000/play.mp3	0
RockRadio1	http://144.217.77.176:8000/;	0
45 Radio	https://stream1.themediasite.co.uk:7009/stream	0
Radio WolnaStrefa	http://91.232.4.33:8186/stream	0
Radio Bogoria 94,5 FM - Grodzisk Mazowiecki	https://ssl-1.radiohost.pl:6050/mp3	0
Radio Ty i Ja - Szczecin	http://91.232.4.33:8868/Stream1	0
Radio WolnaStrefa	http://91.232.4.33:8186/stream	0
Radio Kampus	https://stream.radiokampus.fm/kampus	0
Antyradio Ballady	http://an.cdn.eurozet.pl:80/ANTBAL.mp3	0
Antyradio Hard	http://an.cdn.eurozet.pl:80/ANTHAR.mp3	0
Antyradio Greatest	https://an01.cdn.eurozet.pl/ANTGRE.mp3	0
Radio Horyzont	http://s1.slotex.pl:7328/;	0
UJOT FM	http://stream.ujot.fm:80/	0
Radio Derf - Blue Rock	http://178.19.96.111:8013/;	0
Radio Wielkopolska	http://217.182.76.63:8000/webstream	0
ZET Koledy	http://zt02.cdn.eurozet.pl:80/ZETKOL.mp3	0
ZET na Swieta	http://zt02.cdn.eurozet.pl:80/ZETSWI.mp3	0
RMF FM Top 30 Swieta	http://195.150.20.242:8000/rmf_top_30_swieta	0
Radio Alex	http://srv0.streamradiowy.eu:80/radioalex	0
RMF24.pl	http://rmfstream1.interia.pl:80/rmf_24	0
RMF TOP	http://rmfstream1.interia.pl:80/rmf_top	0
RMF TOP2	http://195.150.20.242:8000/rmf_top2	0
RMF TOP3	http://195.150.20.242:8000/rmf_top3	0
RMF TOP4	http://195.150.20.242:8000/rmf_top4	0
RMF TOP5	http://195.150.20.242:8000/rmf_top5	0
RMF TOP6	http://rmfstream1.interia.pl:80/rmf_top6	0
RMF TOP7	http://rmfstream1.interia.pl:80/rmf_top7	0
RMF TOP8	http://rmfstream1.interia.pl:80/rmf_top8	0
RMF TOP9	http://rmfstream1.interia.pl:80/rmf_top9	0
RMF TOP10	http://rmfstream1.interia.pl:80/rmf_top10	0
RMF TOP11	http://rmfstream1.interia.pl:80/rmf_top11	0
RMF TOP12	http://rmfstream1.interia.pl:80/rmf_top12	0
RMF TOP13	http://rmfstream1.interia.pl:80/rmf_top13	0
RMF TOP16	http://rmfstream1.interia.pl:80/rmf_top16	0
RMF TOP17	http://rmfstream1.interia.pl:80/rmf_top17	0
RMF TOP18	http://rmfstream1.interia.pl:80/rmf_top18	0
RMF TOP19	http://rmfstream1.interia.pl:80/rmf_top19	0
RMF TOP20	http://rmfstream1.interia.pl:80/rmf_top20	0
RMF 2 Pop	http://rmfstream1.interia.pl:80/rmf_2	0
RMF 3 Pop-Rock	http://rmfstream1.interia.pl:80/rmf_3	0
RMF 4 Dance	http://rmfstream1.interia.pl:80/rmf_4	0
RMF 5 Lagodne Przeboje	http://rmfstream1.interia.pl:80/rmf_5	0
RMF 2000	http://rmfstream1.interia.pl:80/rmf_2000	0
RMF 2010	http://rmfstream1.interia.pl:80/rmf_2010	0
RMF 30 lat	http://195.150.20.242:80/rmf_20lat	0
RMF 50s	http://195.150.20.242:8000/rmf_50s	0
RMF 60s	http://195.150.20.242:8000/rmf_60s	0
RMF 70s	http://195.150.20.242:8000/rmf_70s	0
RMF 80s	http://rmfstream1.interia.pl:80/rmf_80s	0
RMF 80s Disco	http://rmfstream1.interia.pl:80/rmf_80s_disco	0
RMF 90s	http://rmfstream1.interia.pl:80/rmf_90s	0
RMF 90s Dance	http://rmfstream1.interia.pl:80/rmf_90s_dance	0
RMF Alternatywa	http://rmfstream1.interia.pl:80/rmf_alternatywa	0
RMF Ballady	http://rmfstream1.interia.pl:80/rmf_nostalgia	0
RMF Beatlemania	http://rmfstream1.interia.pl:80/rmf_beatlemania	0
RMF Best of RMFON	http://195.150.20.242:8000/best_of_rmfon	0
RMF Blues	http://rmfstream1.interia.pl:80/rmf_blues	0
RMF Bravo	http://rmfstream1.interia.pl:80/rmf_bravo	0
RMF Celtic	http://rmfstream1.interia.pl:80/rmf_celtic	0
RMF Chillout	http://rmfstream1.interia.pl:80/rmf_chillout	0
RMF Classic Rock	http://rmfstream1.interia.pl:80/rmf_classic_rock	0
RMF Club	http://195.150.20.242:80/rmf_club	0
RMF Cuba	http://rmfstream1.interia.pl:80/rmf_cuba	0
RMF Dance	http://rmfstream1.interia.pl:80/rmf_dance	0
RMF Depeche Mode	http://rmfstream1.interia.pl:80/rmf_depeche_mode	0
RMF DISCO	http://rmfstream1.interia.pl:80/rmf_disco	0
RMF Disco Polo	http://rmfstream1.interia.pl:80/rmf_disco_polo	0
RMF Dla dzieci	http://rmfstream1.interia.pl:80/rmf_baby	0
RMF Fitness	http://rmfstream1.interia.pl:80/rmf_fitness	0
RMF Fitness Rock	http://rmfstream1.interia.pl:80/rmf_fitness_rock	0
RMF Francais	http://rmfstream1.interia.pl:80/rmf_francais	0
RMF Gamemusic	http://195.150.20.242:8000/rmf_gamemusic	0
RMF Gold	http://rmfstream1.interia.pl:80/rmf_gold	0
RMF Grunge	http://195.150.20.242:8000/rmf_grunge	0
RMF Hip Hop	http://195.150.20.242:8000/rmf_hip_hop	0
RMF Hop bec	http://195.150.20.242:8000/rmf_hop_bec	0
RMF Hot new	http://195.150.20.242:8000/rmf_hot_new	0
RMF Ladies	http://rmfstream1.interia.pl:80/rmf_ladies	0
RMF LADY PANK	http://rmfstream1.interia.pl:80/rmf_lady_pank	-100
RMF Leniwa Niedziela	http://rmfstream1.interia.pl:80/rmf_leniwa_niedziela	0
RMF Love	http://rmfstream1.interia.pl:80/rmf_love	0
RMF Michael Jackson	http://rmfstream1.interia.pl:80/rmf_Michael_Jackson	-50
RMF Niezapomniane melodie	http://195.150.20.4:80/rmf_niezapomniane_melodie	0
RMF Party	http://rmfstream1.interia.pl:80/rmf_party	0
RMF Piosenka Filmowa	http://195.150.20.242:8000/rmf_piosenka_filmowa	0
RMF Piosenka literacka	http://195.150.20.242:8000/rmf_piosenka_literacka	0
RMF Pobudka	http://rmfstream1.interia.pl:80/rmf_pobudka	0
RMF Polska Prywatka	http://rmfstream1.interia.pl:80/rmf_polska_prywatka	0
RMF Polski Hip Hop	http://rmfstream1.interia.pl:80/rmf_ziom	0
RMF Polski Rock	http://195.150.20.9:80/rmf_polski_rock	0
RMF Polskie przeboje	http://rmfstream1.interia.pl:80/rmf_polskie_przeboje	0
RMF PRL	http://rmfstream1.interia.pl:80/rmf_prl	0
RMF Przeboj roku	http://rmfstream1.interia.pl:80/rmf_przeboj_roku	0
RMF Queen	http://rmfstream1.interia.pl:80/rmf_queen	0
RMF Reggae	http://rmfstream1.interia.pl:80/rmf_reggae	0
RMF Relaks	http://195.150.20.242:8000/rmf_relaks	0
RMF Rock	http://rmfstream1.interia.pl:80/rmf_rock	0
RMF Rock Progresywny	http://rmfstream1.interia.pl:80/rmf_rock_progresywny	0
RMF Studencka Impreza	http://rmfstream1.interia.pl:80/rmf_studencka_impreza	0
RMF Styl	http://195.150.20.242:8000/rmf_styl	0
RMF Słoneczne Przeboje	http://rmfstream1.interia.pl:80/rmf_sloneczne_przeboje	0
RMF Trend sounds	http://rmfstream1.interia.pl:80/rmf_trend_sounds	0
RMF VIBE	http://rmfstream1.interia.pl:80/rmf_vibe	0
RMF W pracy	http://rmfstream1.interia.pl:80/rmf_w_pracy	0
RMF W Kuchni	http://rmfstream1.interia.pl:80/rmf_w_kuchni	0
RMF MAXX Sunrise Festival	http://rmfstream1.interia.pl:80/rmf_maxx_sun	0
Radio Toruń	https://ssl-1.radiohost.pl:11512/stream	-32
Radio 1.7	http://emisja.radio17.pl:8000/R17	0
Radio Sygnały	http://217.173.194.62:8000/stream	0
Antyradio Katowice	http://an01.cdn.eurozet.pl/ant-kat.mp3	0
Radio FAMA	​http://stream2.nadaje.com:8076/;stream	0
Radio Kaszëbë	https://stream4.nadaje.com:10125/kaszebe128	0
Eska Gorąca 20	https://ic2.smcdn.pl/6130-1.mp3	0
Eska do pracy	https://ic2.smcdn.pl/6140-1.mp3	0
Eska Gorąca 100	http://ic2.smcdn.pl/6120-1.mp3	0
Eska Impreska	http://ic1.smcdn.pl/6030-1.mp3	0
Eska Rap 20	http://ic1.smcdn.pl/6190-1.mp3	0
Radio Alex	http://rmfstream1.interia.pl:80/radio_alex	0
Klasyka rocka	https://ic1.smcdn.pl/6070-1.mp3	0
Radio Index	http://stream.wzielonej.pl/radio/8000/1	0
Eska2 Kultowe Polskie	https://ic2.smcdn.pl/6040-1.mp3	0
Eska2 Polskie na czasie	https://ic2.smcdn.pl/6230-1.mp3	0
Radio Yanosik	https://stream.rcs.revma.com/7vhveccrnquvv	0
Radio Yanosik Rock	http://stream.rcs.revma.com/yghk77gym5uvv	0
BBC One	http://lsn.lv/bbcradio.m3u8?station=bbc_radio_one&bitrate=320000	0
BBC Two	http://lsn.lv/bbcradio.m3u8?station=bbc_radio_two&bitrate=320000	0
BBC Three	http://lsn.lv/bbcradio.m3u8?station=bbc_radio_three&bitrate=320000	0
BBC Four	http://lsn.lv/bbcradio.m3u8?station=bbc_radio_fourfm&bitrate=320000	0
BBC Five	http://lsn.lv/bbcradio.m3u8?station=bbc_radio_five_live&bitrate=96000	0
BBC Six Music	http://lsn.lv/bbcradio.m3u8?station=bbc_6music&bitrate=320000	0
BBC Four Extra	http://lsn.lv/bbcradio.m3u8?station=bbc_radio_four_extra&bitrate=320000	0
BBC One Extra	http://lsn.lv/bbcradio.m3u8?station=bbc_1xtra&bitrate=320000	0
BBC One Dance	http://lsn.lv/bbcradio.m3u8?station=bbc_radio_one_dance&bitrate=128000	0
Radio Zet 90	http://zt.cdn.eurozet.pl/ZET090.mp3	0
Radio Zet po polsku	http://zt.cdn.eurozet.pl/ZETPL1.mp3	0
Radio Zet Party	https://zt01.cdn.eurozet.pl/ZETPAR.mp3	0
Radio Zet 80	https://zt01.cdn.eurozet.pl/ZET080.mp3	0
Radio Fiat	http://stream2.nadaje.com:8056/;	0
Radio Żuławy	http://n0c.radiojar.com:80/q87xmtvrrg8uv	0
Radio Vanessa	https://s1.slotex.pl:7358/stream/1/	0
Radio Warmii i Mazur	http://rostr1.radioolsztyn.pl:8000/RWiM	0
PR1 (HLS)	https://stream11.polskieradio.pl/pr1/pr1.sdp/playlist.m3u8	0
PR2 (HLS)	https://stream12.polskieradio.pl/pr2/pr2.sdp/playlist.m3u8	0
PR3 (HLS)	https://stream13.polskieradio.pl/pr3/pr3.sdp/playlist.m3u8	0
PR4(HLS)	https://stream14.polskieradio.pl/pr4/pr4.sdp/playlist.m3u8	0
PR24 (HLS)	https://stream15.polskieradio.pl/pr24/pr24.sdp/playlist.m3u8	0
PR Kierowców (HLS)	https://stream10.polskieradio.pl/prk/rdk.sdp/playlist.m3u8	0
Katolickie Radio Rzeszów - VIA	http://62.133.128.18:8040/listen.pls	0
Katolickie Radio Zamość	http://stream.rcs.revma.com/0n8y7mxcay8uv.m3u	0
Katolickie Radio Podlasie	http://s1.slotex.pl:7038/;	0
Katolickie Radio Diecezji Płockiej	http://s1.slotex.pl:7760/listen.pls	0
Radio Niepokalanów	http://88.199.169.10:7600/rn.mp3	0
Radio na Stoku	http://sluchaj.link:8000/nastoku	0
Norda FM	http://ls.tkchopin.pl:1935/norda/nordafm_aac_128/playlist.m3u8	0
DHT	http://dev.radiodht.com/stream_main/	0
DHT2	http://dev.radiodht.com/stream_second/	0
Plus Warszawa	http://pl04.cdn.eurozet.pl/plu-waw.mp3	0
Radio 92,9	http://radio.929.lu/mp3.m3u	0
Radio LPU FM	http://streaming.g-news.pl:8120/lpufm.m3u	0
Norda FM HLS	http://ls.tkchopin.pl/norda/nordafm_AAC_320.stream/playlist.m3u8	0
RMF MAXX	http://rmfstream1.interia.pl:80/rmf_maxxx	0
Radio Zielona Góra	http://stream03.rzg.pl:10107/;	0
Radio Piekary	http://stream.rcs.revma.com/0rg0mztk33bwv.m3u	0
Radio RSC	http://stream.rcs.revma.com/94fud6a6z72vv.m3u	0
Radio Silesia	http://s1.slotex.pl:7926/listen.pls	0
Radio Sudety 24	http://stream4.nadaje.com:15006/sudety24	0
Radio Tychy	http://s3.slotex.pl:7586/stream/1/?sid=1	0
Radio Śląsk	http://s1.slotex.pl:7022/;	0
Radio Kuropatwa	http://n07.radiojar.com/ypspphhxfm8uv	0
MyRock Radio	http://s1.reliastream.com:8190/;	0
Radio Caroline	http://happy.radiocaroline319.nl/listen/caroline_oldies/radio320.mp3	0
Antenne Bayern DanceXXL	​https://s8-webradio.antenne.de/dance-xxl/stream/mp3	0
Jazzradio	http://jazzradio.ice.infomaniak.ch/jazzradio-high.mp3	0
Classic Vinyl HD	https://icecast.walmradio.com:8443/classic	0
knixx fm	https://s1.knixx.fm/dein_webradio_256.mp3	0
1000 Schlager	https://1000schlager.stream.laut.fm/1000schlager	0
Box UK	https://boxstream.danceradiouk.com/stream/1/	0
Rock 105.5	https://ais-sa1.streamon.fm/7961_96k.aac	0
NPO Radio 3FM	https://icecast.omroep.nl/3fm-bb-mp3	0
KISS FM	​https://topradio-de-hz-fal-stream02-cluster01.radiohost.de/kissfm_mp3-128	0
Radio Sunshine-Live	http://stream.sunshine-live.de/hq/mp3-128/surfmusik/	0
CBC Music (Eastern)	https://cbcradiolive.akamaized.net/hls/live/2041057/ES_R2ETR/master.m3u8	0
RNE Radio 3	https://dispatcher.rndfnk.com/crtve/rner3/main/mp3/high	0
Hotradio Hits	https://server-67.stream-server.nl:8400/;	0
CUAC FM - 103.4 FM	https://streaming.cuacfm.org/cuacfm.ogg	0
Radio Paradise	https://stream-dc1.radioparadise.com/aac-320	0
SECTOR Progressive	http://89.223.45.5:8000/progressive-mp3	0
BBC World Service	https://utulsa.streamguys1.com/KWGSHD3-AAC	0
NPR News and Talk	https://npr-ice.streamguys1.com/live.mp3	0
Radio France Culture	http://icecast.radiofrance.fr/franceculture-midfi.aac	0
1.FM - Funky Express	http://strm112.1.fm/funkyexpress_mobile_mp3	0
rock fm spain	http://rockfm-cope-rrcast.flumotion.com/cope/rockfm-low.mp3	0
LM Radio	https://ukwesta.streaming.broadcast.radio/lmradio	0
Starter FM Chilli	http://streaming.starterfm.com/radio/8050/chill192	0
Starter FM	http://streaming.starterfm.com/radio/8010/starter192	0
Classic Hits 80s	https://edge7.audioxi.com/CH80S	0
CLASSIC ROCK	http://classicrock.streeemer.com/listen/classic_rock/radio.mp3	0
Nation Radio 90s	http://listen-nation.sharp-stream.com/nationradio90s-dab.mp3?ref=RF Title1=nationradio90s-dab.mp3	0
Rewind 2000's	http://2000.streeemer.com/listen/2000s/radio.mp3	0
Luna FM	http://stream.lunafm.net/listen/lunaworld/radio.mp3	0
Dance Machine	http://edm.streeemer.com/listen/edm/radio.mp3	0
Chillout Vibes	http://chillout.streeemer.com/listen/chillout/radio.mp3	0
Radio Anioł Beskidów	http://88.135.172.249:22000/listen.pls	0
Radio bartoszyce	http://radio.bartsat.pl:8000/radio.mp3.m3u?_ic2=1	0
Radio Folk	http://streaming.g-news.pl:8030/fr1	0
Radio Egida	http://s3.slotex.pl:7536/;	0
Beam FM - Adult Hits	http://ice1.streeemer.com:8020/radio.mp3	0
Smooth Jazz Deluxe	https://cast1.torontocast.com:4490/;	0
Radio Costarosa	http://s1.slotex.pl:8058/;	0
Cyberstacja	https://sc.cyberstacja.pl/listen/cyberstacja/radio.mp3	0
Radioparty	https://radioparty.pl/play/glowny.m3u	0
radio energy	https://radioparty.pl/play/energy2000.m3u	0
discoparty	http://s1.slotex.pl:7432/;	0
interstacia	http://radio.castpol.pl:8150/radio.mp3	0
Program 1	http://mp3.polskieradio.pl:8900/;	0
Jasna Gora	http://online.radiojasnagora.pl:8000/listen.pls	0
Mega Radio	https://stream1.dabcom.pl/mg_src	0
Radio Republika	http://146.59.7.218:8100/stream	0
Radio Ftb	https://play.radioftb.net:8022/;	0
RADIO FTB 2	https://play.radioftb.net:8000/;	0
RADIO ZET HITY	https://zt05.cdn.eurozet.pl/ZETHIT.mp3?redirected=05	0
RADIO BERCIK	https://s3.slotex.pl:7770/listen.xtl	0
RADIO SLASK	https://stream10.hosterion.pl:7032/64	0
RADIO SLASK 2	https://s1.slotex.pl:7022/;	0
RADIO PIEKARY	https://stream1.dabcom.pl/src_piekary	0
Radio Kaszebe	https://stream4.nadaje.com:10125/kaszebe128	0
Radio forever Music Max	http://s1.slotex.pl:7134/;	0
Dance Max Misic	http://s3.slotex.pl:7468/;	0
Radio dobra Nuta	https://s3.slotex.pl:7100/stream/1/	0
radio dwojga serc	https://s3.slotex.pl:7272/;	0
religia 1	https://s1.slotex.pl:7754/;	0
religia2	http://rvia.ostnet.pl:8100/;	0
religia3	https://n10a-eu.rcs.revma.com/0n8y7mxcay8uv?rj-ttl=5&rj-tok=AAABm4Tbmd4A-DaWlDbllUEfQg	0
radio live club 	https://life4club.online/public/live/playlist.m3u	0
