1.FM - Ambient Psychill	http://strm112.1.fm/ambientpsy_mobile_mp3	0	chill	0
1.FM - Gorilla FM Radio	http://strm112.1.fm/gorillafm_mobile_mp3	0		0
1.FM - Italia On Air Radio	http://strm112.1.fm/italiaonair_mobile_mp3	0		0
10's Dance	http://46.148.234.223:9010/2010_320	0	dance	0
109FM	https://solid48.streamupsolutions.com/proxy/cfujtbgw/109fm	0		0
1990's Music Collection RadCap	http://213.141.131.10:8000/90collection	0	90s	0
2-step Radio Record	http://46.148.234.223:9010/2step_320	0		1
2000's MUSIC COLLECTION	http://79.120.12.130:8000/00collection	0		0
2010's MUSIC COLLECTION	http://79.111.14.76:8000/2010collection	0		0
2010s 1.fm	http://prmstrm.1.fm:8000/acpl	0		0
4 The Music - Dance, House and Techno. Live DJs.	http://master.shoutcast.com:8000/4-the-music	0		1
60's Dance	http://46.148.234.223:9010/cadillac_320	0		0
60's MUSIC COLLECTION	http://213.141.131.10:8000/60collection	0		0
674FM	http://audio.674.fm/stream	0		0
70's Dance	http://46.148.234.223:9010/1970_320	0		0
70's MUSIC COLLECTION	http://213.141.131.10:8000/70collection	0		0
80's MUSIC COLLECTION	http://79.120.39.202:8000/pop80	0		0
90's MUSIC COLLECTION	http://213.141.131.10:8000/90collection	0	90s	0
A State of Trance	http://46.148.234.223:9010/asot_320	0		0
ABSTRACT / EXPERIMENTAL HIP-HOP	http://79.111.14.76:8000/abstracthiphop	0		0
ACCORDION / BAYAN / HARMON	http://79.111.119.111:8000/accordion	0		0
ACID / CLUB / GROOVE JAZZ	http://79.111.14.76:8000/acidjazz	0		0
ACID HOUSE / TRANCE / TECHNO	http://79.111.119.111:8000/acid	0		0
ACID ROCK	http://213.141.131.10:8000/acidrock	0		0
ACOUSTIC & UNPLUGGED	http://213.141.131.10:8000/acoustic	0		0
ACOUSTIC BLUES	http://79.111.14.76:8000/acousticblues	0		0
ACOUSTIC GUITAR	http://79.120.39.202:8000/acousticguitar	0		0
AFRICAN FOLK / ETHNIC MUSIC	http://79.120.39.202:8000/africanfolk	0		0
Afro House	http://46.148.234.223:9010/afro_320	0		0
AFROBEAT / AFROBEATS	http://79.120.39.202:8000/afrobeat	0		0
ALTERNATIVE / ALT ROCK	http://79.120.39.202:8000/altrock	0		0
ALTERNATIVE / INSURGENT COUNTRY MUSIC	http://79.111.119.111:8000/altcountry	0		0
Ambient	http://46.148.234.223:9010/ambient_320	0		0
AMBIENT	http://79.111.119.111:8000/ambient	0		0
AMBIENT / INTELLIGENT / TECHNO / HOUSE	http://79.120.39.202:8000/ambienttechno	0		0
Ambient AI	https://region-ru2.tunio.ai/rad.aac	0	AI	0
AMBIENT DUB	http://79.111.14.76:8000/ambientdub	0		0
Ambient Dub RadCap	http://79.111.14.76:8000/ambientdub	0		0
AMBIENT HOUSE	http://79.120.12.130:8000/ambienthouse	0		0
Ambient House RadCap	http://79.120.12.130:8000/ambienthouse	0		1
Ambient RadCap	http://79.111.119.111:8000/ambient	0		0
AMERICANA / AMERICAN ROOTS MUSIC	http://213.141.131.10:8000/americana	0		0
ANDEAN / SOUTH AMERICAN MUSIC	http://213.141.131.10:8000/andean	0		0
ANIME OST / SCORE	http://79.111.119.111:8000/anime	0		0
Anison动漫音乐台	http://pool.anison.fm:9000/AniSonFM(320)?	0		0
Antenne Vorarlberg Dance Radio	https://web.radio.antennevorarlberg.at/av-dance	0		0
AOR (ALBUM ORIENTED ROCK) / MELODIC HARD ROCK	http://79.111.14.76:8000/aor	0		0
Apocaliptic	https://region-ru2.tunio.ai/apocaliptic.aac	0	AI	0
ARABIC POP MUSIC	http://79.120.39.202:8000/arabicpop	0		0
Armin van Buuren	http://46.148.234.223:9010/armin_320	0		0
ART ROCK	http://79.120.39.202:8000/artrock	0		0
AVANT ROCK / EXPERIMENTAL	http://213.141.131.10:8000/avantrock	0		0
AVANT-GARDE JAZZ / FREE IMPROVISATION	http://79.111.119.111:8000/avantgardejazz	0		0
AVANT-PROG / ROCK IN OPPOSITION (RIO) / CANTERBURY SCENE / ZEUHL	http://79.111.119.111:8000/avantprog	0		0
BALEARIC HOUSE / BALEARIC BEAT	http://213.141.131.10:8000/balearichouse	0		0
BALKAN MUSIC	http://79.120.39.202:8000/balkan	0		0
BALLROOM DANCE	http://79.111.14.76:8000/ballroomdance	0		0
Bass House	http://46.148.234.223:9010/jackin_320	0		0
Beats 2 Dance - Trance	https://mediaserv38.live-streams.nl:18002/trance	0		0
beats2dance - Techno	https://mediaserv38.live-streams.nl:18002/techno	0		0
BEBOP / BE-BOP / BOP	http://79.120.12.130:8000/bebop	0		0
BIAS radio flac	https://admin.biasradio.com/radio/8000/flac	0		0
BIG BAND / JAZZ ORCHESTRA	http://79.120.39.202:8000/bigband	0		0
Big Hits	http://46.148.234.223:9010/bighits_320	0		0
BIG ROOM HOUSE	http://213.141.131.10:8000/bigroomhouse	0		0
Black Rap	http://46.148.234.223:9010/yo_320	0		0
BLUEGRASS (COUNTRY MUSIC)	http://79.111.14.76:8000/bluegrass	0		0
BLUES	http://79.120.77.11:8000/blues	0		0
Blues	https://region-ru2.tunio.ai/bluz.aac	0	AI	0
BLUES ROCK	http://79.120.39.202:8000/bluesrock	0		0
Blur fm	http://live.radiovague.com:8000/blurfm03	0		0
BOSSA NOVA (BRAZILIAN MUSIC)	http://79.111.14.76:8000/bossanova	0		0
Brazilian Birds 1.fm	http://prmstrm.1.fm:8000/brazilianbirds	0		0
BRAZILIAN JAZZ	http://79.120.12.130:8000/brazilianjazz	0		0
BREAKBEAT / BIG BEAT	http://79.120.39.202:8000/breakbeat	0		0
BREAKCORE	http://79.111.119.111:8000/breakcore	0		0
Breaks	http://46.148.234.223:9010/brks_320	0		0
BRITPOP / POST BRITPOP	http://79.120.39.202:8000/britpop	0		0
BROKEN BEAT / BRUK	http://79.120.77.11:8000/brokenbeat	0		0
BRUTAL DEATH METAL / NY / TECHNICAL / SLAMMING	http://79.111.119.111:8000/brutaldeathmetal	0		0
BULGARIAN POP-FOLK / ETHNOPOP / CHALGA	http://213.141.131.10:8000/chalga	0		0
C-POP (CHINESE POPULAR MUSIC)	http://213.141.131.10:8000/cpop	0		0
CANTATA	http://79.120.12.130:8000/cantata	0		0
CANTOPOP / HK-POP	http://79.120.12.130:8000/cantopop	0		0
CAUCASIAN MUSIC	http://213.141.131.10:8000/caucasus	0		0
CELLO / VIOLONCELLO	http://79.120.12.130:8000/cello	0		0
CELTIC MUSIC / CELTIC FUSION	http://79.111.14.76:8000/celtic	0		0
CELTIC ROCK	http://79.120.12.130:8000/celticrock	0		0
CHAMBER / BAROQUE / POP / ROCK	http://79.111.14.76:8000/chamberpop	0		0
CHAMBER JAZZ	http://79.120.39.202:8000/chamberjazz	0		0
CHAMBER MUSIC (CLASSICAL)	http://213.141.131.10:8000/chamber	0		0
CHANTS / GREGORIAN CHANTS	http://213.141.131.10:8000/chants	0		0
CHICAGO BLUES	http://79.111.14.76:8000/chicagoblues	0		0
CHICANO RAP	http://213.141.131.10:8000/chicanorap	0		0
Chill	https://region-ru2.tunio.ai/chill.aac	0	AI	0
CHILL OUT	http://79.111.14.76:8000/chillout	0	chill	0
Chill-Out	http://46.148.234.223:9010/chil_320	0	chill	0
Chill House	http://46.148.234.223:9010/chillhouse_320	0	chill	1
chillstep	http://prem2.di.fm/chillstep_hi?20a1d1bf879e76	0	chill	0
CHILLWAVE / HYPNAGOGIC POP / GLO-FI / DREAM BEAT / VAPORWAVE	http://79.111.119.111:8000/chillwave	0		0
Chillwave / Hypnagogic Pop / Glo-Fi / Vaporwave	http://79.111.119.111:8000/chillwave	0		0
CHIPTUNE / CHIP MUSIC	http://79.111.119.111:8000/chiptune	0		0
CHRISTIAN ROCK	http://213.141.131.10:8000/christianrock	0		0
CHRISTIAN SACRED MUSIC	http://213.141.131.10:8000/sacred	0		0
Christmas	http://46.148.234.223:9010/christmas_320	0		0
Christmas Chill	http://46.148.234.223:9010/christmaschill_320	0	chill	0
Chunt FM	https://fm.chunt.org/stream	0		0
Circuit Pride 1.fm	http://prmstrm.1.fm:8000/circuitpride	0		0
CJSQ-FM 92.7	https://listen.radioking.com/radio/256885/stream/301510	0		0
CLARINET / BASSOON / OBOE	http://213.141.131.10:8000/clarinet	0		0
CLASSIC ROCK / ROCK	http://79.120.77.11:8000/rock	0		0
Classic Vinyl HD	https://icecast.walmradio.com:8443/classic	0		0
CLASSICAL AVANT-GARDE	http://213.141.131.10:8000/classavant	0		0
CLASSICAL BAROQUE MUSIC	http://79.111.14.76:8000/baroque	0		0
CLASSICAL CHORAL / VOCAL MUSIC (CANTATA / MISSA / ORATORIO)	http://79.120.39.202:8000/chorus	0		0
CLASSICAL CROSSOVER	http://79.120.77.11:8000/classcross	0		0
CLASSICAL FLUTE	http://79.111.14.76:8000/fluteclass	0		0
CLASSICAL GUITAR	http://213.141.131.10:8000/classguitar	0		0
CLASSICAL PIANO MUSIC	http://79.120.39.202:8000/classpiano	0		0
CLASSICAL SYMPHONIC MUSIC	http://79.120.77.11:8000/classical	0		0
CLAVECIN / CEMBALO / HARPSICHORD	http://213.141.131.10:8000/clavecin	0		0
CLOUD RAP / TRILLWAVE	http://213.141.131.10:8000/cloudrap	0		0
CLUB DANCE MUSIC	http://79.111.119.111:8000/clubdance	0		0
Club Dance RadCap	http://79.111.119.111:8000/clubdance	0		0
Club Retro Hits Radio	http://v4.tustreaming.cl:18156/stream	0		0
Complextro	http://46.148.234.223:9010/complextro_320	0		0
COMPUTER / VIDEO GAME MUSIC (OST / SCORE / SOUNDTRACK)	http://79.120.39.202:8000/musicgame	0		0
Contemporary Christian 1.fm	http://prmstrm.1.fm:8000/praise	0		0
CONTEMPORARY CLASSICAL MUSIC	http://79.111.119.111:8000/contclass	0		0
CONTEMPORARY JAZZ	http://79.111.119.111:8000/contemporaryjazz	0		0
COOL / WEST COAST JAZZ	http://79.120.39.202:8000/cooljazz	0		0
COUNTRY / FOLK BLUES	http://79.120.77.11:8000/countryblues	0		0
COUNTRY MUSIC	http://79.120.77.11:8000/country	0		0
COUNTRY POP MUSIC	http://79.111.119.111:8000/countrypop	0		0
Country Pop RadCap	http://79.111.119.111:8000/countrypop	0		0
COUNTRY ROCK	http://79.111.119.111:8000/countryrock	0		0
CROSSOVER JAZZ	http://213.141.131.10:8000/crossoverjazz	0		0
CROSSOVER PROG	http://79.111.14.76:8000/crossoverprog	0		0
CROSSOVER THRASH	http://213.141.131.10:8000/crossoverthrash	0		0
CRUST PUNK / NEOCRUST	http://79.120.39.202:8000/crust	0		0
CYBERPUNK	http://79.120.12.130:8000/cyberpunk	0		0
cyberpunk	https://region-ru2.tunio.ai/cyberpunk.aac	0	AI	0
Czech Radio CRo D-dur	http://amp.cesnet.cz:8000/cro-d-dur.flac	0		0
Czech Radio CRo Jazz	http://amp.cesnet.cz:8000/cro-jazz.flac	0		0
Czech Radio CRo Radio Wav	http://amp.cesnet.cz:8000/cro-radio-wave.flac	0		0
Czech Radio CRo Vltava	http://amp.cesnet.cz:8000/cro3.flac	0		0
D'n'B Classics	http://46.148.234.223:9010/drumhits_320	0		0
Daf-Radio,AutoDJ	https://daf-radio.spcast.eu/stream	0		0
Dance - BBC Radio 1Xtra	http://as-hls-ww-live.akamaized.net/pool_904/live/ww/bbc_radio_one_dance/bbc_radio_one_dance.isml/bbc_radio_one_dance-audio=320000.m3u8	0		0
DANCE / DISCO / FUNK PUNK	http://213.141.131.10:8000/dancepunk	0		0
Dance Classics Radio	http://vriezenet.nl:11051/dcflac	0		0
Dance Music [HDR Flac]	http://harddanceradio.ddns.is74.ru:9000/dance.ogg	0	dance	0
DANCE POP	http://79.120.77.11:8000/dancepop	0		0
Dance Pop RadCap	http://79.120.77.11:8000/dancepop	0		0
Dance Wave (flc)	http://dancewave.online/dance.flac.ogg	0	dance	1
Dance Wave Retro! (flc)	http://retro.dancewave.online/retrodance.flac.ogg	0	90s	0
Dancecore	http://46.148.234.223:9010/dc_320	0		0
DANCEHALL / RAGGAMUFFIN	http://79.111.14.76:8000/dancehall	0		0
Dancevibes Radio	https://everestcast.live-streams.nl:8025/stream	0	dance	0
Danubius Radio	https://danubiusradio.hu/live_HiFi.mp3	0		0
DARK / DOOM / NOIR / FUNERAL / AMBIENT JAZZ	http://79.120.39.202:8000/darkjazz	0		0
DARK / NEO / APOCALYPTIC FOLK	http://79.111.119.111:8000/darkfolk	0		0
DARK CABARET	http://79.111.119.111:8000/darkcabaret	0		0
DARK DUBSTEP	http://79.120.39.202:8000/darkdubstep	0		0
DARK ELECTRO / AGGROTECH	http://79.120.39.202:8000/darkelectro	0		0
DARK PSYTRANCE	http://79.111.119.111:8000/darkpsytrance	0		0
DARK TECHNO	http://79.111.14.76:8000/darktechno	0		0
DARK WAVE	http://79.111.14.76:8000/darkwave	0		0
Darkside	http://46.148.234.223:9010/darkside_320	0		0
DARKSYNTH / DARK SYNTHWAVE	http://213.141.131.10:8000/darksynth	0		0
Data Transmission Radio	https://data-transmission-radio.radiocult.fm/stream	0		0
DATASET RADIO AI	https://region-ru2.tunio.ai/datasetradio.aac	0	AI	1
David Guetta	http://46.148.234.223:9010/guetta_320	0		0
DEATH 'N' ROLL	http://79.120.39.202:8000/deathnroll	0		0
DEATHCORE / MELODIC DEATHCORE	http://79.111.14.76:8000/deathcore	0		0
DEATHSTEP	http://79.111.14.76:8000/deathstep	0		0
Deep	http://46.148.234.223:9010/deep_320	0	deep	0
DEEP / CHILL HOUSE	http://79.120.39.202:8000/deephouse	28	deep	1
Deep House RadCap	http://79.120.39.202:8000/deephouse	10		0
Deep Web Radio	https://i3.streams.ovh/ic/deepradio1/stream?	0		0
Deephouse AI	https://region-ru2.tunio.ai/sfo-music.aac	0	AI	0
Deepvibes Radio	http://88.208.218.19:8090/stream	0		0
DELTA BLUES	http://79.120.77.11:8000/deltablues	0		0
DepecheMode	https://2.mystreaming.net/er/depechemode/icecast.audio	0		0
DETROIT TECHNO / TECH HOUSE	http://213.141.131.10:8000/detroittechno	0		0
DHECTAR Dance (flc)	http://manager.dhectar.fr:1080/stream	0		0
DHECTAR Hits (flc)	http://manager.dhectar.fr:1110/stream	0		0
dinamo.fm caffe	http://channels.dinamo.fm/caffe-mp3	0		0
dinamo.fm deep	http://channels.dinamo.fm/deep-mp3	0		0
dinamo.fm locodyno	http://channels.dinamo.fm/locodyno-mp3	0		0
DISCO	http://79.120.77.11:8000/disco	0		0
Disco AI	https://region-ru2.tunio.ai/hop.aac	0	AI	0
Disco RadCap	http://79.120.77.11:8000/disco	0		0
Disco/Funk	http://46.148.234.223:9010/discofunk_320	0		0
DIXIELAND / NEW ORLEANS / TRADITIONAL / HOT JAZZ	http://79.120.39.202:8000/dixieland	0		0
DJ Цвет­коff	http://46.148.234.223:9010/tsvetkov_320	0		0
DJ Gvozd	http://46.148.234.223:9010/djgvozd_320	0		0
Djam Radio - Eclectic popular music (flc)	https://stream10.xdevel.com/audio15s976748-2280/stream/icecast.audio	0		0
DOWNTEMPO / DOWNBEAT	http://79.120.77.11:8000/downtempo	0		1
Downtempo RadCap	http://79.120.77.11:8000/downtempo	0		0
Dream Dance	http://46.148.234.223:9010/dream_320	0	dance	0
Dream Pop	http://46.148.234.223:9010/dreampop_320	0		0
DREAM POP	http://79.111.14.76:8000/dreampop	0		0
DREAM TRANCE / HOUSE / DANCE	http://79.120.39.202:8000/dreamtrance	0		0
DRONE AMBIENT	http://79.111.119.111:8000/droneambient	0		0
DRUM'n'BASS	http://79.111.14.76:8000/drumbass	0		0
DRUMSTEP	http://79.120.39.202:8000/drumstep	0		0
DUB MUSIC	http://79.111.14.76:8000/dub	0		0
Dub RadCap	http://79.111.14.76:8000/dub	0		0
Dub Step RadCap	http://79.120.39.202:8000/dubstep	0		0
DUB TECHNO	http://79.120.39.202:8000/dubtechno	0		0
Dubstep	http://46.148.234.223:9010/dub_320	0		0
DUBSTEP	http://79.120.39.202:8000/dubstep	0		0
DUNGEON SYNTH	http://79.120.12.130:8000/dungeonsynth	0		0
EAST COAST RAP / HIP-HOP	http://79.111.14.76:8000/eastcoastrap	0		0
EASY LISTENING / MOOD MUSIC	http://79.111.14.76:8000/easylistening	0		0
Easy Listening RadCap	http://79.111.14.76:8000/easylistening	0		0
EasyRadio - Your Relaxing Music Mix!	https://easyradio.bg/m3u/easyradio.bg-aac.m3u	0		0
EBM (ELECTRONIC BODY MUSIC)	http://79.111.14.76:8000/ebm	0		0
ECLECTIC PROGRESSIVE ROCK	http://79.111.14.76:8000/eclecticprog	0		0
EDM	http://46.148.234.223:9010/club_320	0		0
EDM (ELECTRONIC DANCE MUSIC) TRAP	http://213.141.131.10:8000/edmtrap	0		0
EDM Classics	http://46.148.234.223:9010/edmhits_320	0		0
ELECTRIC / MODERN ELECTRIC BLUES	http://79.111.14.76:8000/electricblues	0		0
Electro	http://46.148.234.223:9010/elect_320	0		0
ELECTRO / ELECTRO FUNK	http://79.111.119.111:8000/electro	0		0
ELECTRO HOUSE	http://79.111.14.76:8000/electrohouse	0		0
ELECTRO SWING / SWING HOUSE	http://213.141.131.10:8000/electroswing	0		0
ELECTRO TECHNO	http://213.141.131.10:8000/electrotechno	0		0
ELECTRO-INDUSTRIAL	http://79.111.119.111:8000/electroindustrial	0		0
ELECTROCLASH / SYNTHCORE / TECH POP / NOUVEAU DISCO	http://79.120.39.202:8000/electroclash	0		0
Electronic Music – Where the music never stops (flc)	https://maxxima.mine.nu/maxx.ogg	0		0
ELECTRONICORE / SYNTHCORE / TRANCECORE	http://79.111.119.111:8000/electronicore	0		0
EMOCORE / SCREAMO / EMO VIOLENCE	http://79.111.119.111:8000/screamoemo	0		0
ENIGMATIC / MYSTIC POP	http://213.141.131.10:8000/enigmatic	0		0
Enjoy Radio (Hits)	http://www.radioenjoy.org:8000/320	0	90s	0
Epic Lounge - SLEEP & MEDITATION	https://stream.epic-lounge.com/sleep-meditation?ref=radiobrowser	0	lounge	1
Erna Hemming - Giu La Maschera (vocal)	http://79.120.77.11:8000/vocal	0		0
EROTIC / SENSUAL MUSIC	http://79.120.39.202:8000/erotic	0		0
Erotic RadCap	http://79.120.39.202:8000/erotic	0		0
ETHEREAL WAVE / GOTH / DARKWAVE	http://213.141.131.10:8000/ethereal	0		0
ETHNIC ELECTRONICA / ETHNOTRONICA	http://79.120.39.202:8000/ethnotronica	0		0
ETHNO / WORLD JAZZ	http://79.120.39.202:8000/ethnojazz	0		0
euer-radio (www.Euer - Radio.DE)	http://s2.euer.tv/audio320	0		0
EURO DISCO	http://79.111.119.111:8000/eurodisco	0		0
EURO HOUSE	http://79.111.119.111:8000/eurohouse	0		0
EUROBEAT / HI-NRG	http://79.120.39.202:8000/eurobeat	0		0
Eurodance	http://46.148.234.223:9010/eurodance_320	0		0
Eurodance '90 [HDR Flac]	http://harddanceradio.ddns.is74.ru:9000/eurodance.ogg	0		0
EURODANCE / EURO-NRG	http://79.120.39.202:8000/eurodance	0		0
Eurodance RadCap	http://79.120.39.202:8000/eurodance	0		0
Eurodisco '80 [HDR Flac]	http://harddanceradio.ddns.is74.ru:9000/eurodisco.ogg	0		0
Eurodisco - Радио Каприз	http://79.111.119.111:8004/eurodisco	0		0
EUROPEAN / WESTERN FOLK MUSIC	http://213.141.131.10:8000/europeanfolk	0		0
Europeanhitradio.lt	http://82.135.234.195:8000/ehr.mp3	0		0
Evosonic Radio	https://s4.radio.co/s136f5e1c3/listen	0		0
EXPERIMENTAL / AVANT-GARDE MUSIC	http://79.111.119.111:8000/experimentalmusic	0		0
EXPERIMENTAL TECHNO	http://213.141.131.10:8000/experimentaltechno	0		0
FADO (PORTUGUESE MUSIC)	http://213.141.131.10:8000/fado	0		0
FAR EASTERN TRADITIONAL MUSIC	http://79.111.119.111:8000/fareast	0		0
Feel	http://46.148.234.223:9010/feel_320	0		0
FIELD RECORDINGS	http://213.141.131.10:8000/fieldrecording	0		0
FirstRadio	http://mirror.secondradio.de:7070/dab-sr?ref=emil.marche@rundfunkkombinat.de	0		0
Flacall Radio-Hit Radio	http://flacradio.ru:1070/stream	0		0
Flacall Radio-Internation	http://flacradio.ru:1140/stream	0		0
Flacall Radio-Radio Annus	http://flacradio.ru:1090/stream	0		0
Flacall Radio-Radio Summe	http://flacradio.ru:1110/stream	0		0
FLAMENCO (SPAIN / ANDALUSIAN MUSIC)	http://79.111.14.76:8000/flamenco	0		0
FLUTE	http://79.111.14.76:8000/flute	0		0
FluxFM - Livestream	http://streams.fluxfm.de/freak/mp3-320/audio/play.m3	0		0
FOLK / CELTIC / GYPSY PUNK	http://213.141.131.10:8000/folkpunk	0		0
FOLK METAL	http://79.120.39.202:8000/folkmetal	0		0
FOLK POP	http://213.141.131.10:8000/folkpop	0		0
FOLK ROCK	http://79.111.14.76:8000/folkrock	0		0
FOREST PSYTRANCE	http://213.141.131.10:8000/forestpsytrance	0		0
Freaky Funky - Радио Gora	http://listen.radiogora.ru:8000/freakyfunky320	0		0
FREE FUNK	http://79.120.12.130:8000/freefunk	0		0
FREE IMPROVISATION	http://79.120.77.11:8000/freeimprovisation	0		0
FREE JAZZ	http://79.111.14.76:8000/freejazz	0		0
Free Music Radio Top 40 Hits - The best things in live are free	http://stream.freemusicradio.nl:8100/stream.aac	0		0
Free Radio Luxembourg FRL	https://www.radioking.com/play/rfm-luxembourg/137599	0		0
FREESTYLE MUSIC	http://79.120.12.130:8000/freestyle	0		0
FRENCH / NOUVELLE CHANSON	http://79.111.14.76:8000/frenchchanson	0		0
FRENCH HIP-HOP / RAP	http://213.141.131.10:8000/frenchrap	0		0
FRENCH POP MUSIC	http://79.120.12.130:8000/frenchpop	0	dance	0
Frequence 3 Gold	https://frequence3.net-radio.fr/frequence3gold.flac	0		0
Frequence 3 Urban	https://frequence3.net-radio.fr/frequence3urban.flac	0		0
Frequence 3 World	https://frequence3.net-radio.fr/frequence3world.flac	0		0
Frequence3 - Dance (flc)	https://frequence3.net-radio.fr/frequence3dance.flac	0		0
Frequence3 - French Webradio live from Paris (flc)	http://hd.stream.frequence3.net/frequence3.flac	0		0
FULL ON / MELODIC PSYTRANCE / MORNING TRANCE	http://79.111.14.76:8000/fullon	0		0
FUNK	http://79.111.119.111:8000/funk	0		0
funk	https://region-ru2.tunio.ai/funk.aac	0	AI	0
Funk RadCap	http://79.111.119.111:8000/funk	0		0
FUNK ROCK / METAL	http://213.141.131.10:8000/funkrock	0		0
FUNKY HOUSE	http://213.141.131.10:8000/funkyhouse	0	house	0
Futura.FM	https://futura.fm/stream.ogg?ts=1699656027.325	0		0
Future Bass	http://46.148.234.223:9010/fbass_320	0		0
FUTURE BASS / CHILL TRAP	http://213.141.131.10:8000/futurebass	0		0
Future Bass RadCap	http://213.141.131.10:8000/futurebass	0		0
FUTURE GARAGE / CHILLSTEP / DEEP DUBSTEP / POST DUBSTEP	http://79.120.39.202:8000/futuregarage	0		0
Future House	http://46.148.234.223:9010/fut_320	0		0
Future Rave	http://46.148.234.223:9010/futurerave_320	0		0
futuregarage	http://prem2.di.fm/futuregarage_hi?20a1d1bf879e76	0		0
FUTUREPOP	http://79.120.39.202:8000/futurepop	0		0
GABBER / EARLY / MAINSTREAM HARDCORE	http://213.141.131.10:8000/gabber	0		0
GARAGE / NEW YORK HOUSE	http://79.120.12.130:8000/garagehouse	0		0
Garage House / New York House RadCap	http://79.120.12.130:8000/garagehouse	0		0
GARAGE PUNK	http://79.120.12.130:8000/garagepunk	0		0
GARAGE ROCK / GARAGE REVIVAL	http://79.111.119.111:8000/garagerock	0		0
GERMAN / DEUTSCHE HIP-HOP / RAP	http://213.141.131.10:8000/germanrap	0		0
GHETTO / BOOTY / G-HOUSE	http://79.111.14.76:8000/ghouse	0		0
GLITCH / GLITCH-HOP	http://79.111.14.76:8000/glitch	0		0
GOA TRANCE	http://79.120.39.202:8000/goatrance	0		0
GOA/PSY	http://46.148.234.223:9010/goa_320	0		0
Gorilla FM 1.fm	http://prmstrm.1.fm:8000/gorillafm	0		0
GOSPEL / SPIRITUALS MUSIC	http://79.111.14.76:8000/gospel	0		0
GOTHIC / GOTH ROCK	http://79.111.14.76:8000/gothicrock	0		0
GRIME	http://79.120.77.11:8000/grime	0		0
GRINDCORE / DEATHGRIND	http://79.120.77.11:8000/grindcore	0		0
Grolloo Radio	https://uk1.streamingpulse.com/ssl/grollooradio	0		0
Groove & Intelligent Sound | 16Bit.FM ProBeat	http://16bitfm.com:8000/main_mp3_320	0		0
Groove Cafe - Радио Gora	http://listen.radiogora.ru:8000/groovecafe320	0		0
GROOVE METAL	http://79.120.39.202:8000/groovemetal	0		0
Groove/Tribal	http://46.148.234.223:9010/groovetribal_320	0		0
GRUNGE / SEATTLE SOUND	http://79.120.39.202:8000/grunge	0		0
GUITAR JAZZ	http://79.120.77.11:8000/guitarjazz	0		0
GYPSY ROMANCES / SONGS	http://79.120.77.11:8000/gypsyru	0		0
H2O	http://ice2.ikoula.net-radio.fr/h2oradio.flac	0	dance	0
HAMMOND / WURLITZER / THOMAS ORGANS	http://79.120.39.202:8000/hammond	0		0
HAPPY / UK HARDCORE / HAPPY RAVE / HAPPYCORE	http://79.120.77.11:8000/happyhardcore	0		0
Happy Hardcore [HDR Flac]	http://harddanceradio.ddns.is74.ru:9000/happyhardcore.ogg	0		0
HARD / HEAVY ROCK	http://79.120.77.11:8000/hardrock	0		0
Hard Bass	http://46.148.234.223:9010/hbass_320	0		0
HARD BOP	http://79.111.14.76:8000/hardbop	0		0
Hard Dance Radio [HDR Flac]	http://harddanceradio.ddns.is74.ru:9000/hard_dance.ogg	0		0
HARD HOUSE / UK HARD HOUSE	http://213.141.131.10:8000/hardhouse	0		0
Hard House RadCap	http://213.141.131.10:8000/hardhouse	0		0
HARD TRANCE	http://79.120.77.11:8000/hardtrance	0		0
HARDCORE / MELODIC HARDCORE	http://79.111.14.76:8000/hardcoremetal	0		0
HARDCORE RAP / HORRORCORE	http://79.120.39.202:8000/hardcorerap	0		0
HARDCORE TECHNO / SCHRANZ	http://79.120.39.202:8000/hardcoretech	0		0
Hardstyle	http://46.148.234.223:9010/teo_320	0		0
HARDSTYLE	http://79.111.14.76:8000/hardstyle	0		0
HARMONICA / HARP BLUES	http://79.120.39.202:8000/harpblues	0		0
HARP	http://213.141.131.10:8000/harp	0		0
HARSH NOISE	http://79.111.14.76:8000/harshnoise	0		0
HEALING MUSIC (YOGA, REIKI, ZEN, ...)	http://213.141.131.10:8000/healing	0		0
HEAVY / HARD BLUES	http://79.120.77.11:8000/heavyblues	0		0
HEAVY / HARD PROG	http://79.111.14.76:8000/heavyprog	0		0
HEAVY / HARD PSYCHEDELIC	http://79.120.39.202:8000/heavypsych	0		0
HEAVY METAL	http://79.111.14.76:8000/heavymetal	0		0
HEAVY POWER METAL	http://79.120.12.130:8000/heavypowermetal	0		0
here4ears	http://82.64.164.43:8000/stream	0		0
Hi On line Latin Radio	http://mediaserv33.live-streams.nl:8034/	0		0
Hi On Line Lounge Radio	http://mediaserv33.live-streams.nl:8036/live	0	lounge	0
HI-TECH / PSYTRANCE	http://79.120.12.130:8000/hitechpsy	0		0
HighFi Dream	https://cdn06-us-east.radio.cloud/80ba63862a97bd69c593cc7a2ccaab1c_hq	0		0
HIP HOP RADIO	http://tntradio.hostingradio.ru:8027/hhr256.mp3	0		0
HIP-HOP MUSIC	http://79.120.77.11:8000/hiphop	0		0
HIP-HOP SOUL	http://79.120.12.130:8000/hiphopsoul	0		0
Hit Party - PulsRadio	http://icecast.pulsradio.com:80/hitpartyHD.mp3	0		0
HONKY-TONK / HONKATONK / HONKEY TONK	http://213.141.131.10:8000/honkytonk	0		0
HORROR PUNK	http://79.120.77.11:8000/horrorpunk	0		0
House	https://region-ru2.tunio.ai/sapdata.aac	0	AI	0
House Classics	http://46.148.234.223:9010/houseclss_320	0		0
House Hits	http://46.148.234.223:9010/househits_320	0	dance	0
HOUSE MUSIC	http://79.120.77.11:8000/house	0		0
House RadCap	http://79.120.77.11:8000/house	0	house	0
https://r5.zetcast.net/flac	https://r5.zetcast.net/flac	0		0
Hypnotic	http://46.148.234.223:9010/hypno_320	0		0
IDM (INTELLIGENT DANCE MUSIC)	http://79.111.14.76:8000/idm	0		0
IDM AMBIENT	http://213.141.131.10:8000/idmambient	0		0
ILLBIENT	http://213.141.131.10:8000/illbient	0		0
IMPRESSIONISM (CLASSICAL MUSIC)	http://79.120.12.130:8000/impressionism	0		0
Indi AI	https://region-ru2.tunio.ai/indi.aac	0	AI	0
INDIAN CINEMA MUSIC	http://79.120.39.202:8000/indiancinema	0		0
INDIAN CLASSICAL / FOLK / ETHNIC	http://79.111.14.76:8000/indianfolk	0		0
INDIAN SPIRITUAL MUSIC (MANTRAS, BHAJANS, KIRTANS...)	http://213.141.131.10:8000/mantras	0		0
INDIE / TWEE POP	http://79.111.119.111:8000/indiepop	0		0
INDIE ELECTRONIC / NEW RAVE	http://79.111.119.111:8000/indieelectronic	0		0
INDIE FOLK	http://79.111.14.76:8000/indiefolk	0		0
INDIE ROCK	http://79.120.39.202:8000/indierock	0		0
INDUSTRIAL / DARK / RITUAL AMBIENT	http://79.120.39.202:8000/darkambient	0		0
INDUSTRIAL MUSIC	http://79.111.14.76:8000/industrial	0		0
INDUSTRIAL ROCK	http://79.120.77.11:8000/industrialrock	0		0
INDUSTRIAL TECHNO	http://79.120.12.130:8000/industrialtechno	0		0
Inhailer Radio	https://streaming.radio.co/seac6e5991/listen	0		0
Innocence	http://46.148.234.223:9010/ibiza_320	0		0
Insanityradio - Community Radio on FM and Internet (flc)	https://stream.cor.insanityradio.com/insanity.flac	0		0
INSTRUMENTAL HIP-HOP	http://79.120.77.11:8000/instrumentalhiphop	0		0
Instrumental Hip-Hop RadCap	http://79.120.77.11:8000/instrumentalhiphop	0		0
INSTRUMENTAL METAL	http://79.111.119.111:8000/instrumentalmetal	0		0
INSTRUMENTAL POPULAR MUSIC	http://79.120.77.11:8000/instrumental	0		0
INSTRUMENTAL ROCK	http://79.120.39.202:8000/instrumentalrock	0		0
Intense Radio - We love Dance #HQ# FLAC	http://secure.live-streams.nl/flac.ogg	0	dance	0
Intenseradio - We Love Dance! (flc)	http://secure.live-streams.nl/flac.flac	0	dance	0
ip music 320	http://live7.avf.ch:8000/ipmusic320	0		0
Italian Favorites 1.fm	http://prmstrm.1.fm:8000/italiaonair	0		0
ITALIAN POPULAR MUSIC	http://213.141.131.10:8000/italopop	0		0
ITALO DISCO	http://79.111.119.111:8000/italodisco	0		0
Italo Disco - Радио Каприз	http://79.111.119.111:8004/italodisco	0		0
ITALODANCE	http://79.111.14.76:8000/italodance	0		0
J-POP (JAPANESE POPULAR MUSIC)	http://79.111.119.111:8000/jpop	0		0
J-ROCK (JAPANESE ROCK MUSIC)	http://79.111.119.111:8000/jrock	0		0
Jalisco Radio (FM) (Guadalajara) - 96.3 FM - XEJB-FM - Gobierno del Estado de Jalisco - Guadalajara, JC	https://sp2.servidorrprivado.com/8136/guadalajarafm	0		0
JAM BAND	http://79.120.12.130:8000/jamband	0		0
jaz	https://region-ru2.tunio.ai/jaz.aac	0	AI	0
JAZZ	http://79.120.77.11:8000/jazz	0		0
JAZZ / FUSION METAL	http://213.141.131.10:8000/jazzmetal	0		0
JAZZ FUNK	http://79.120.39.202:8000/jazzfunk	0		0
Jazz Funk RadCap	http://79.120.39.202:8000/jazzfunk	0		0
JAZZ FUSION	http://79.111.119.111:8000/jazzfusion	0		0
JAZZ MANOUCHE / GYPSY JAZZ / GYPSY SWING	http://79.120.77.11:8000/manouche	0		0
JAZZ POP	http://79.120.39.202:8000/jazzpop	0		0
JAZZ RAP / JAZZ HOP / JAZZY HIP-HOP	http://79.120.39.202:8000/jazzrap	0		0
JAZZ ROCK	http://79.111.119.111:8000/jazzrock	0		0
JAZZ TRUMPET	http://213.141.131.10:8000/trumpetjazz	0		0
JEWISH MUSIC / KLEZMER	http://79.120.39.202:8000/klezmer	0		0
Joy Hits - Fresh Music Only! (flc)	http://joyhits.online/joyhits.flac.ogg	0	dance	0
JUMP BLUES	http://213.141.131.10:8000/jumpblues	0		0
JUMPSTYLE	http://79.120.12.130:8000/jumpstyle	0		0
Jungle	http://46.148.234.223:9010/jungle_320	0		0
JUNGLE / RAGGA JUNGLE / RAGGACORE	http://213.141.131.10:8000/jungle	0		0
K-POP (KOREAN POPULAR MUSIC)	http://79.111.119.111:8000/kpop	0		0
KRAUTROCK / KOSMISCHE MUSIK	http://79.111.119.111:8000/krautrock	0		0
Kronehit-ultra	https://secureonair.krone.at/kronehit-ultra-hd.aac	0	dance	0
KRUI-FM (College Radio)	http://krui.student-services.uiowa.edu:8000/#89.7	0		0
Kyber.io (Vorbis)	https://r.kyber.io/radio	0		0
Label Cantroll [HDR Flac]	http://harddanceradio.ddns.is74.ru:9000/labelcantroll.ogg	0		0
Lady Waks	http://46.148.234.223:9010/ladywaks_320	0		0
LAIKO / GREEK MUSIC	http://79.111.119.111:8000/laika	0		0
LapFox Radio - Electronic (Vorbis)	https://radio.lapfoxradio.com/radio/8000/stream-ogg-320.ogg	0		0
LATIN / AFRO-CUBAN JAZZ	http://79.111.119.111:8000/latinjazz	0		0
LATIN HOUSE / EDM	http://79.120.12.130:8000/latinhouse	0		0
Latin House RadCap	http://79.120.12.130:8000/latinhouse	0		0
Latin Pop RadCap	http://79.111.119.111:8000/latinpop	0		0
LATIN POPULAR MUSIC	http://79.111.119.111:8000/latinpop	0		0
Latina Dance	http://46.148.234.223:9010/latina_320	0		0
Le Bon Mix (flc)	https://stream10.xdevel.com/audio17s976748-2218/stream/icecast.audio	0		1
Le Bon Mix Radio 97.9	https://stream10.xdevel.com/audio13s976748-2017/stream/icecast.audio	0		0
Le Son Parisien	http://stream.lesonparisien.com/live.flac	0		1
Le Son Parisien - Electronic, Indie, Alternative and Lounge	https://stream.lesonparisien.com/hi.mp3	0		0
LEFTFIELD	http://79.120.39.202:8000/leftfield	0		0
Life radio Côte d’Ivoire	https://cast4.asurahosting.com/proxy/life/stream	0		0
Liquid Funk	http://46.148.234.223:9010/liquidfunk_320	0		0
LIQUID FUNK / INTELLIGENT / ATMOSPHERIC DRUM'n'BASS	http://79.111.119.111:8000/liquidfunk	0		0
Live DJ-sets	http://46.148.234.223:9010/livedjsets_320	0		1
Lo-Fi	http://46.148.234.223:9010/lofi_320	0		0
LO-FI	http://79.111.14.76:8000/lo-fi	0		0
Lo-Fi House	http://46.148.234.223:9010/lofihouse_320	20	house	0
Lo-Fi RadCap	http://79.111.14.76:8000/lo-fi	0		0
LOUISIANA / SWAMP / NEW ORLEANS BLUES	http://213.141.131.10:8000/louisianablues	0		0
Lounge & Chill [HDR Flac]	http://harddanceradio.ddns.is74.ru:9000/lounge.ogg	-12	lounge	0
Lounge +	https://region-ru2.tunio.ai/lounge.aac	0	AI	0
LOUNGE MUSIC	http://79.111.14.76:8000/lounge	0	lounge	0
LOVE SONGS / COLLECTION	http://213.141.131.10:8000/lovesongs	0		0
LUTE / ARCHLUTE / THEORBO	http://79.120.12.130:8000/lute	0		0
Magic Radio flac	http://mp3.magic-radio.net/flac	0		0
MAINSTREAM JAZZ	http://79.111.14.76:8000/mainstreamjazz	0		0
MAKINA	http://79.120.12.130:8000/makina	0		0
MANELE / ROMANIAN POP-FOLK / ETHNIC	http://213.141.131.10:8000/manele	0		0
MARTIAL INDUSTRIAL / MILITARY POP	http://79.111.14.76:8000/martialindustrial	0		0
Martin Garrix	http://46.148.234.223:9010/martingarrix_320	0		0
MATH ROCK	http://79.120.39.202:8000/mathrock	0		0
MATHCORE / CHAOTIC HARDCORE	http://79.120.39.202:8000/mathcore	0		0
MaXXima - Electronic Music – Where the music never stops	https://maxxima.mine.nu/maxx.mp3	0		0
MEDIEVAL FOLK	http://213.141.131.10:8000/medievalfolk	0		0
MEDIEVAL MUSIC	http://213.141.131.10:8000/medieval	0		0
MEDITATION MUSIC	http://79.120.77.11:8000/meditation	0		0
Meditation RadCap	http://79.120.77.11:8000/meditation	0		0
Megamix	http://46.148.234.223:9010/mix_320	0		0
MELODIC HOUSE / TECHNO	http://79.120.12.130:8000/melodichouse	0		0
Melodic House RadCap	http://79.120.12.130:8000/melodichouse	0		0
MELODIC METALCORE	http://79.111.14.76:8000/melodicmetalcore	0		0
MELODIC POWER METAL	http://79.111.119.111:8000/melodicpower	0		0
MEMPHIS RAP / HIP HOP	http://213.141.131.10:8000/memphisrap	0		0
METALCORE	http://79.120.39.202:8000/metalcore	0		0
METALSTEP / METAL DUBSTEP	http://79.111.14.76:8000/metalstep	0		0
MIDDLE EASTERN TRADITIONAL MUSIC	http://79.111.119.111:8000/middleeast	0		0
Midtempo	http://46.148.234.223:9010/mt_320	0		0
MILITARY SONGS / MARCHES OF RUSSIA	http://79.111.119.111:8000/rusmilsong	0		0
MINIMAL TECH HOUSE	http://79.111.119.111:8000/mintechhouse	0		0
MINIMAL TECHNO	http://79.120.39.202:8000/mintechno	0		0
Minimal/Tech	http://46.148.234.223:9010/mini_320	0		0
MINIMALISM / POSTMINIMALISM	http://213.141.131.10:8000/minimalism	0		0
Minimalism / Postminimalism RadCap	http://213.141.131.10:8000/minimalism	0		0
MISCELLANEOUS / COMPILATION	http://79.120.77.11:8000/misc	0		0
MixCult	http://radio.mixcult.net:8000/MixCult_256kbps	0		0
MODAL JAZZ	http://213.141.131.10:8000/modaljazz	0		0
MODERN CLASSICAL MUSIC	http://79.120.39.202:8000/modernclassical	0		0
MODERN CREATIVE	http://79.120.77.11:8000/mcreative	0		0
Moombahton	http://46.148.234.223:9010/mmbt_320	0		0
MOSCOW MADNESS	https://stream.radiogoose.ru/listen/hardcore/play	0		0
Mother Earth Instrumental	https://motherearth.streamserver24.com/listen/motherearth_instrumental/motherearth.instrumental.mp3	0		0
Mother Earth Radio - HiRes 24-bit/192kHz internet radio	https://motherearth.streamserver24.com/listen/motherearth/motherearth.mp3	0		0
MPB (MUSICA POPULAR BRASILEIRA)	http://79.111.14.76:8000/mpb	0		0
MPB Hits 1.fm	http://prmstrm.1.fm:8000/mpb	0		0
mr.chem fm	https://e20.yesstreaming.net:6217/stream	0		0
Music for Experienced Ears | 16Bit.FM I.D.E.A.	http://16bitfm.com:8000/idea_mp3_320	0		0
Music for Relaxation & Conversation | 16Bit.FM CAFE	http://16bitfm.com:8000/cafe_mp3_320	0		0
MUSIC OF SIBERIA / MONGOLIA	http://79.111.119.111:8000/siberia	0		0
MUSIQUE CONCRETE / ACOUSMATIC / ELECTROACOUSTIC	http://213.141.131.10:8000/musiqueconcrete	0		0
Mykonos Live Radio	https://solid55.streamupsolutions.com/proxy/lsdmuqhb?mp=/stream	0		0
Naim Radio - Exclusive mix of superbly recorded music from Naim Records	http://mscp3.live-streams.nl:8360/high.aac	0		0
NATIVE AMERICAN MUSIC	http://79.111.119.111:8000/nativeamerican	0		0
Nauagos Kanenas	http://radio.streamings.gr:8064/autodj	0		0
Nejtrino & Baur	http://46.148.234.223:9010/nejtrinobaur_320	0		0
Neo	https://region-ru2.tunio.ai/pop.aac	0	AI	0
NEO-PROGRESSIVE ROCK	http://79.111.119.111:8000/neoprogrock	0		0
NEOCLASSICAL METAL	http://79.111.119.111:8000/neoclassicalmetal	0		0
NEOCLASSICAL MUSIC	http://79.120.39.202:8000/neoclassical	0		0
NEUE DEUTSCHE HÄRTE	http://213.141.131.10:8000/ndh	0		0
Neurofunk	http://46.148.234.223:9010/neurofunk_320	0		0
NEUROFUNK / TECHNOID / TECHSTEP	http://79.111.119.111:8000/neurofunk	0		0
NEW AGE MUSIC	http://79.120.77.11:8000/newage	0		0
NEW BEAT	http://79.120.12.130:8000/newbeat	0		0
New Beat RadCap	http://79.120.12.130:8000/newbeat	0		0
New Dance Radio	https://modspeedy.radioca.st/stream2	0		0
NEW WAVE / COLD WAVE	http://79.120.39.202:8000/newwave	0		0
NIGHT FULL ON / PSYTRANCE	http://213.141.131.10:8000/nightpsytrance	0		0
Nightride FM - Chillsynth	https://stream.nightride.fm/chillsynth.mp3	0		0
NITZHONOT (PSYCHEDELIC TRANCE)	http://213.141.131.10:8000/nitzhonot	0		0
NOISE ROCK / POP	http://79.120.39.202:8000/noiserock	0		0
Nostalgie Russia	https://listen7.myradio24.com/alexx333	0		0
NTS Radio	https://stream-mixtape-geo.ntslive.net/mixtape5	0		0
NU / NÜ / AGGRO METAL	http://79.111.14.76:8000/numetal	0		0
Nu Dance	http://46.148.234.223:9010/nudance_320	0		0
NU DISCO	http://79.111.119.111:8000/nudisco	0		0
Nu Disco RadCap	http://79.111.119.111:8000/nudisco	0		0
NU JAZZ / FUTURE JAZZ	http://79.111.14.76:8000/nujazz	0		0
NWOBHM (NEW WAVE OF BRITISH HEAVY METAL)	http://79.120.12.130:8000/nwobhm	0		0
OCEANIAN / AUSTRALIAN /...	http://213.141.131.10:8000/oceania	0		0
OI! / STREET PUNK	http://79.111.119.111:8000/oistreetpunk	0		0
Old Scholl Hip-Hop / Rap RadCap	http://213.141.131.10:8000/oldschoolhiphop	0		0
OLD SCHOOL HIP-HOP / RAP	http://213.141.131.10:8000/oldschoolhiphop	0		0
Old School www.1.fm	http://prmstrm.1.fm:8000/oldschool	0		0
OLDIES / DOO-WOP / EARLY POP / EARLY R'N'B	http://79.120.77.11:8000/oldies	0		0
Oliver Heldens	http://46.148.234.223:9010/oliverheldens_320	0		0
openbroadcast	http://stream.openbroadcast.ch/16bit.flac	0		0
OPERA	http://79.120.39.202:8000/opera	0		0
ORATORIO / ORATORIUM	http://79.120.12.130:8000/oratorio	0		0
ORGAN MUSIC	http://79.120.77.11:8000/organ	0		0
Organic	http://46.148.234.223:9010/organic_320	0		0
ORGANIC HOUSE	http://79.120.12.130:8000/organichouse	0		0
ORIENTAL METAL	http://79.111.119.111:8000/orientalmetal	0		0
Oroko Radio	https://oroko-radio.radiocult.fm/stream	0		0
ORTHODOX SPIRITUAL MUSIC	http://79.111.14.76:8000/orthodox	0		0
Oxygen Indie	https://oxygenmusic.hu:8443/oxygenindie	0		0
Oxygen Italo Hits	https://oxygenmusic.hu:8443/oxygenitalohits	0		0
Oxygen Lounge	https://oxygenmusic.hu:8443/oxygenlounge	0	lounge	0
Oxygen Magyar Zene	https://oxygenmusic.hu:8443/oxygenmagyarzene	0		0
PAGAN METAL	http://79.111.119.111:8000/paganmetal	0		0
Party 24/7	http://46.148.234.223:9010/party_320	0		0
PartyFM	http://stream.partyfm.dk/Party320/	0		0
PerfectMoods – 24/7 Quality Lounge	https://www.radioking.com/play/perfectmoods/104227	0	lounge	0
Phonk	http://46.148.234.223:9010/phonk_320	0		0
PHONK / DRIFT PHONK	http://79.120.77.11:8000/phonk	0		0
Pi ano - Piano music	http://stream.p-node.org/piano	0		0
PIANO (EASY LISTENING / INSTRUMENTAL / NEW AGE)	http://79.120.77.11:8000/piano	0		0
PIANO BLUES / BOOGIE-WOOGIE	http://79.111.14.76:8000/pianoblues	0		0
PIANO JAZZ / STRIDE / RAGTIME	http://79.111.119.111:8000/pianojazz	0		0
PIANO ROCK / POP	http://79.111.14.76:8000/pianorock	0		0
Pirate Station	http://46.148.234.223:9010/ps_320	0		0
Polygon.FM - Indie Russian	https://eu6.fastcast4u.com/proxy/mrrm?mp=/stream	0		0
Polygon.FM - Main	https://eu6.fastcast4u.com/proxy/polygonf?mp=/stream	0		0
POP (POPULAR) MUSIC	http://79.120.77.11:8000/pop	0		0
POP BALLADS	http://79.120.77.11:8000/popballads	0		0
POP MUSIC OF THE USSR	http://79.120.77.11:8000/ussr	0		0
POP PUNK	http://79.111.14.76:8000/poppunk	0		0
Pop RadCap	http://79.120.77.11:8000/pop	0		0
POP ROCK / SOFT ROCK / POWER POP	http://79.120.77.11:8000/poprock	0		0
POP SOUL	http://213.141.131.10:8000/popsoul	0		0
Pop Soul RadCap	http://213.141.131.10:8000/popsoul	0		0
POST / INSTRO / ART METAL	http://79.120.39.202:8000/postmetal	0		0
POST BOP (JAZZ MUSIC)	http://79.111.14.76:8000/postbop	0		0
POST GRUNGE	http://79.111.119.111:8000/postgrunge	0		0
POST HARDCORE	http://79.111.119.111:8000/posthardcore	0		0
POST PUNK / NO WAVE	http://79.120.39.202:8000/postpunk	0		0
POST ROCK	http://79.111.14.76:8000/postrock	0		0
POWER / RHYTHMIC NOISE / DBM (DISTORTED BEAT MUSIC)	http://79.120.39.202:8000/powernoise	0		0
POWER ELECTRONICS / DEATH INDUSTRIAL	http://79.111.14.76:8000/powerelectronics	0		0
Power Hit Radio	http://ice.leviracloud.eu:8000/phr320-mp3	0		0
POWER METAL	http://79.120.77.11:8000/powermetal	0		0
PowerFM Dublin 320Kbps Ogg/Vorbis	https://www.powerfm.org:8443/powerfm.ogg	0		0
PROG RELATED	http://79.111.14.76:8000/progrelated	0		0
Progressive	http://46.148.234.223:9010/progr_320	0		0
PROGRESSIVE / ATMOSPHERIC BREAKS	http://79.120.12.130:8000/progbreaks	0		0
PROGRESSIVE / PROG METAL	http://79.120.77.11:8000/progmetal	0		0
PROGRESSIVE BLACK / POST-BLACK / BLACKGAZE	http://79.111.14.76:8000/postblack	0		0
PROGRESSIVE DEATH METAL	http://79.111.119.111:8000/progdeath	0		0
PROGRESSIVE ELECTRONIC	http://79.120.12.130:8000/progelectronic	0		0
PROGRESSIVE FOLK	http://213.141.131.10:8000/progfolk	0		0
PROGRESSIVE HEAVY METAL	http://213.141.131.10:8000/progheavy	0		0
Progressive Hous	https://region-ru2.tunio.ai/progressive.aac	0	AI	0
PROGRESSIVE HOUSE	http://79.111.119.111:8000/proghouse	0		0
PROGRESSIVE METALCORE	http://79.111.14.76:8000/progmetalcore	0		0
PROGRESSIVE POWER METAL	http://79.111.119.111:8000/progpowermetal	0		0
PROGRESSIVE PSYTRANCE / PSY-PROG / PSY PROGRESSIVE	http://79.120.39.202:8000/psyprog	0		0
PROGRESSIVE ROCK	http://79.111.119.111:8000/progressiverock	0		0
PROGRESSIVE TRANCE	http://79.120.39.202:8000/progtrance	0		0
PromoDJ FM - Channel 5	http://radio.promodj.com:8000/channel5-192	0		0
PromoDJ FM - Nu	http://radio.promodj.com:8000/toonu-192	0		0
PromoDJ FM - Pop	http://radio.promodj.com:8000/pop-192	0		0
PromoDJ FM - Top 100	http://radio.promodj.com:8000/top100-192	0		0
PSYBIENT / AMBIENT PSYTRANCE / AMBIENT GOA / PSYCHILL / PSYDUB	http://79.111.14.76:8000/psybient	0		0
PSYCHEDELIC FOLK	http://213.141.131.10:8000/psychfolk	0		0
PSYCHEDELIC ROCK	http://79.111.119.111:8000/psychedelicrock	0		0
PSYCHEDELIC TRANCE / PSYTRANCE / PSY	http://79.111.119.111:8000/psytrance	0		0
PSYCHOBILLY / HORRORBILLY	http://79.111.119.111:8000/psychobilly	0		0
PUB ROCK	http://79.120.12.130:8000/pubrock	0		0
PUMPING HOUSE / HARD BASS / METAL SHADE / SCOUSE / POKY / BUMPING	http://79.120.77.11:8000/pumpinghouse	0		0
PUNK ROCK	http://79.120.77.11:8000/punk	0		0
Punkrockers Radio	https://stream.punkrockers-radio.de:8443/prr.flac	0		0
Pure Lounge Radio	https://mscp4.live-streams.nl:8142/lounge.mp3	0	lounge	0
Pure Lounge Radio FLAC	https://mscp4.live-streams.nl:8142/lounge.ogg	0	lounge	0
PureClassix #Flac	http://mscp4.live-streams.nl:8140/flac.ogg	0		0
Radio 1Mix EDM	http://fr1.1mix.co.uk:8060/320h	0		0
Radio 90FM Valencia	https://stream.radio90.fm:2002/web	0		0
Radio Audiomastering - Dance/Electronic Music	http://radio.audiomastering.lt:8000/hq	0		0
Radio BluesFlac	http://streams.radiomast.io/radioblues-flac	0		0
Radio BluesFlac	https://streams.radiomast.io/radioblues-flac	0		0
Radio Caprice - Chill Out	http://79.111.14.76:8000/chillout	0		0
Radio Caprice - Dub Techno [2]	http://79.120.39.202:8000/dubtechno	0		0
Radio Caprice - Experimental Techno [2]	http://213.141.131.10:8000/experimentaltechno	0		0
Radio Caprice - Lounge [2]	http://79.111.14.76:8000/lounge	0	lounge	0
Radio Caprice - Minimal Tech House [2]	http://79.111.119.111:8000/mintechhouse	0		0
radio centraal	http://streams.movemedia.eu/centraal	0		0
Radio Club 80 Euro FLAC	https://stream.radioclub80.cl:8032/stream.euro80flac	0		0
Radio Club80 Euro Hits	https://stream.radioclub80.cl:8032/stream.euro80mp3	0		0
Radio Club80 Latino	https://stream.radioclub80.cl:8012	0		0
Radio Club80 Retro	https://stream.radioclub80.cl:8022/retro80.mp3	0		0
Radio Disney Costa Rica	http://ic.streann.com:8000/disneycostarica	0		0
Radio Elim Air	http://91.213.11.102:8011/stream_high	0		0
Radio Juventus	http://s2.audiostream.hu:8090/juventus_FLAC	0		0
Radio Kemonia	http://kemoniastreaming2.net:8060/stream	0		0
Radio Paradise Eclectic Mix 320k AAC	http://stream.radioparadise.com/eclectic-320	0		0
Radio Paradise Main Mix (EU) FLAC+meta	http://stream-uk1.radioparadise.com/flacm	0		0
Radio Paradise Main Mix FLAC	https://stream.radioparadise.com/flac	0		0
Radio Paradise Mellow Mix FLAC	https://stream.radioparadise.com/mellow-flac	0		0
Radio Paradise Rock Mix	http://stream.radioparadise.com/rock-flac	0		0
Radio Paradise Rock Mix FLAC	https://stream.radioparadise.com/rock-flac	0		0
Radio Paradise World/Etc Mix FLAC	https://stream.radioparadise.com/world-etc-flac	0		0
Radio Pipí Cucú	https://comodin.uy/radio/8000/320.mp3	0		0
Radio Punctum	https://radiopunctum.cz:8001/radio	0		0
Radio Random	http://radiorandom.org:8000/WBJM-FLAC	0		0
Radio Record	http://46.148.234.223:9010/rr_main	0		0
Radio Record SPB	http://46.148.234.223:9010/rr_spb	0		0
Radio Rocket	https://i9.streams.ovh/sc/radioroc/stream	0		0
Radio Sputnik	http://radiosputnik.nl:8002/flac	0	house	0
Radio Sputnik - 24/7 Underground House and Techno (flc)	https://radiosputnik.nl:8443/flac	0	techno	1
Radio SUN FLAC	http://diffusion.lafrap.fr:8000/sun.flac	0		0
Radio Terminal	https://air.radioterminal.si/live	0		0
Radioactive.FM 88.6	https://radio123-gecko.radioca.st/radioactivefm	0		0
Radioparadise  Mellow Mix (flac)	http://stream.radioparadise.com/mellow-flac	0		0
Radioparadise (flacm)	http://stream.radioparadise.com/flacm	0		1
Radioparadise Global (flacm)	http://stream.radioparadise.com/global-flacm	0		0
Radioparadise Radio2050 (flacm)	http://stream.radioparadise.com/radio2050-flacm	0		0
Radioparadise World (flc)	http://stream.radioparadise.com/eclectic-flac	0		0
Rap	https://region-ru2.tunio.ai/superdata.aac	0	AI	0
Rap Classics	http://46.148.234.223:9010/rapclassics_320	0		0
Rap Hits	http://46.148.234.223:9010/rap_320	0		0
RAP MUSIC	http://79.120.77.11:8000/rap	0		0
RAPCORE / RAP METAL	http://79.111.119.111:8000/rapcore	0		0
Rave FM	http://46.148.234.223:9010/rave_320	0		0
Record 80-�	http://46.148.234.223:9010/1980_320	0		0
Record Classix	http://46.148.234.223:9010/classix_320	0		0
Record Club Show	http://46.148.234.223:9010/clubshow_320	0		0
Record Gold	http://46.148.234.223:9010/gold_320	0		0
record-ukgarage	https://hls-01-radiorecord.hostingradio.ru/record-ukgarage/112/playlist.m3u8	0		0
Reggae	http://46.148.234.223:9010/reggae_320	0		0
REGGAE	http://79.120.39.202:8000/reggae	0		0
REGGAETON / CUBATON / SALSATON / LATINO...	http://213.141.131.10:8000/reggaeton	0		0
RELAXATION MUSIC	http://79.120.39.202:8000/relaxation	0		1
Remix	http://46.148.234.223:9010/rmx_320	0		0
RENAISSANCE MUSIC	http://213.141.131.10:8000/renaissance	0		0
RETRO ELECTRO (RETROWAVE / SYNTHWAVE / DREAMWAVE / OUTRUN ELECTRO)	http://79.120.39.202:8000/retrowave	0		0
RHYTHM AND BLUES / R'N'B	http://79.120.77.11:8000/rnb	0		0
Rhytm & Blues / R'n'B RadCap	http://79.120.77.11:8000/rnb	0		0
RIDDIM DUBSTEP	http://79.111.119.111:8000/riddimdubstep	0		0
RMA ANTILLES - Le Son des iles	http://radio3.pro-fhi.net/listen/pzjdzjjq/stream.mp3	0		0
RnB Love Songs 1.fm	http://prmstrm.1.fm:8000/spanisholdies	0		0
Rock	http://46.148.234.223:9010/rock_320	0		0
ROCK / METAL BALLADS	http://79.120.77.11:8000/rockballads	0		0
ROCK'n'ROLL	http://79.120.77.11:8000/rockroll	0		0
ROCKABILLY	http://79.111.14.76:8000/rockabilly	0		0
ROCKSTEADY / LOVERS ROCK	http://79.120.39.202:8000/rocksteady	0		0
ROMANTIC MUSIC COLLECTION	http://79.120.39.202:8000/romantic	0		0
ROOTS REGGAE	http://79.111.119.111:8000/rootsreggae	0		0
ROOTS ROCK	http://79.120.12.130:8000/rootsrock	0		0
Roxy Radio - Rock, Pop and Chillout Pop (flc)	https://s2.audiostream.hu/roxy_FLAC	0		1
Royalty Free Music 24/7 - Ogg FLAC - Lossless Stereo	https://streams.radiomast.io/ref-lossless-ogg-flac-stereo	0		0
RPI (ROCK PROGRESSIVO ITALIANO)	http://79.111.14.76:8000/rpi	0		0
Rundfunkkombinat	https://streaming.fueralle.org/rfk	0		0
RUSSIAN / URBAN / CRUEL ROMANCE	http://79.120.77.11:8000/romanceru	0		0
Russian 1995-2005 [HDR Flac]	http://harddanceradio.ddns.is74.ru:9000/russian.ogg	0		0
RUSSIAN AUTHOR'S / BARD SONG	http://79.120.39.202:8000/bardru	0		0
RUSSIAN CLUB DANCE MUSIC	http://79.120.77.11:8000/clubru	0		0
RUSSIAN FOLK MUSIC / SONGS	http://79.120.77.11:8000/russianfolk	0		0
RUSSIAN FOLK ROCK	http://79.111.14.76:8000/folkrockru	0		0
Russian Gold	http://46.148.234.223:9010/russiangold_320	0		0
Russian Hits	http://46.148.234.223:9010/russianhits_320	0		0
Russian Mix	http://46.148.234.223:9010/rus_320	0		0
RUSSIAN POETRY / POEMS	http://79.120.77.11:8000/poetryru	0		0
RUSSIAN POP (POPULAR) MUSIC	http://79.120.77.11:8000/popru	0		0
RUSSIAN POP MUSIC 1980-1990's	http://79.120.77.11:8000/80ru	0		0
Russian Pop RadCap	http://79.120.77.11:8000/popru	0		0
RUSSIAN POST SHANSON	http://79.120.77.11:8000/postshanson	0		0
RUSSIAN PUNK ROCK	http://79.120.77.11:8000/punkru	0		0
RUSSIAN RAP / HIP HOP	http://79.120.77.11:8000/rapru	0		0
RUSSIAN ROCK / BARD ROCK	http://79.120.77.11:8000/rockru	0		0
RUSSIAN SHANSON	http://79.120.77.11:8000/shansonru	0		0
Samba Rock 1.fm	http://prmstrm.1.fm:8000/sambarock	0		0
SAXOPHONE	http://79.120.77.11:8000/saxophone	0		0
SCHLAGER MUSIC	http://79.111.119.111:8000/schlager	0		0
SOUL / NEO SOUL MUSIC	http://79.120.39.202:8000/soul	0		0
SOUL BLUES	http://79.111.14.76:8000/soulblues	0		0
SOUL JAZZ	http://79.111.14.76:8000/souljazz	0		0
SOULFUL HOUSE	http://79.111.119.111:8000/soulfulhouse	0		0
SOUNDS OF NATURE	http://79.111.14.76:8000/soundnat	0		0
SOUTHERN RAP / HIP-HOP / CRUNK	http://79.111.119.111:8000/southernrap	0		0
SOUTHERN ROCK / METAL	http://79.111.14.76:8000/southernrock	0		0
Spa 1.fm	http://prmstrm.1.fm:8000/spa	0		0
SPACE MUSIC	http://79.111.119.111:8000/spacemusic	0		0
Space Music - Радио Каприз	http://79.111.119.111:8004/spacemusic	0		0
SPACE ROCK	http://79.111.119.111:8000/spacerock	0		0
SPACESYNTH / SYNTHDANCE / SPACEDANCE	http://79.120.39.202:8000/spacesynth	0		0
SPEED HEAVY	http://213.141.131.10:8000/speedheavy	0		0
SPEED METAL	http://79.111.119.111:8000/speedmetal	0		0
Sputnik Radio	http://sputnikradio.es:8009/live	0		0
Starter FM - Dance	http://streaming.starterfm.com:8010/starter320	0		0
STONER / STONER DOOM METAL	http://79.120.77.11:8000/stonermetal	0		0
STONER ROCK	http://79.111.119.111:8000/stonerrock	0		0
STRAIGHT-AHEAD JAZZ	http://79.120.12.130:8000/straightahead	0		0
STRINGS (VIOLIN, VIOLA, CELLO, DOUBLE BASS)	http://79.120.39.202:8000/strings	0		0
STYLE & SOUND ECM RECORDS	http://213.141.131.10:8000/ecmrecords	0		0
Summer Dance	http://46.148.234.223:9010/summerparty_320	0		0
Summer Lounge	http://46.148.234.223:9010/summerlounge_320	0	lounge	1
SUOMISAUNDI / FREEFORM PSYTRANCE / SPUGEDELIC TRANCE	http://79.120.77.11:8000/suomisaundi	0		0
SURF ROCK / POP / MUSIC	http://79.111.119.111:8000/surfrock	0		0
SWING / NEO-SWING MUSIC	http://79.120.39.202:8000/swing	0		0
SYMPHONIC BLACK METAL / SYMPHOBLACK	http://79.111.119.111:8000/symphonicblackmetal	0		0
SYMPHONIC DEATH METAL / SYMPHODEATH	http://213.141.131.10:8000/symphodeath	0		0
SYMPHONIC GOTHIC METAL	http://213.141.131.10:8000/symphogoth	0		0
SYMPHONIC METAL / SYMPHOMETAL	http://79.120.77.11:8000/symphometal	0		0
SYMPHONIC POWER METAL	http://213.141.131.10:8000/symphopower	0		0
SYMPHONIC ROCK	http://79.120.39.202:8000/symphorock	0		0
SYMPHONY	http://79.111.14.76:8000/symphony	0		0
Synthetic FM The New Italo generation sound	https://mediaserv38.live-streams.nl:18030/stream	0		0
SYNTHPOP / ELECTROPOP / TECHNOPOP	http://79.120.77.11:8000/synthpop	0		0
Synthwave	http://46.148.234.223:9010/synth_320	0		0
TANGO / ARGENTINE / NUEVO TANGO	http://79.120.39.202:8000/tango	0		0
Tech House	http://46.148.234.223:9010/techouse_320	0		0
TECHNICAL DEATH METAL / TECHDEATH	http://79.120.77.11:8000/techdeathmetal	0		0
Techno	http://46.148.234.223:9010/techno_320	0		0
TECHNO	http://79.120.77.11:8000/techno	0		0
Techno - FM - Channel	https://stream.techno.fm/radio1-320k.mp3	0		0
TECHNO TRANCE / TECHTRANCE	http://213.141.131.10:8000/techtrance	0		0
Techno.FM (320 kbit)	http://stream.techno.fm/radio320.mp3	0		0
TECHNO.FM (CA) 320 kbps	http://stream.techno.fm/radio1-320k.mp3	0	techno	0
Technopop	http://46.148.234.223:9010/technopop_320	0		0
Tecktonik	http://46.148.234.223:9010/tecktonik_320	0		0
TEKnival Radio - Rave Music (opus)	https://listen.teknivalradio.com/listen/teknivalradio/radio.opus	0		0
TEXAS BLUES	http://79.111.14.76:8000/texasblues	0		0
THIRD STREAM JAZZ	http://213.141.131.10:8000/thirdstream	0		0
THRASH BLACK METAL	http://213.141.131.10:8000/thrashblack	0		0
THRASH DEATH METAL	http://79.120.12.130:8000/thrashdeath	0		0
THRASH HEAVY METAL	http://213.141.131.10:8000/thrashheavy	0		0
THRASH METAL	http://79.120.77.11:8000/thrashmetal	0		0
Tiesto	http://46.148.234.223:9010/tiesto_320	0		0
TOP 100 EDM	http://46.148.234.223:9010/top100edm_320	0	dance	0
Top 40 RM FM	http://rautemusik-de-hz-fal-stream12.radiohost.de/top40	0	pop	0
Top 50 - Радио WOW	http://stream.vyshka24.ru/wowtop50	0	pop	0
TRADITIONAL ELECTRONIC MUSIC	http://79.111.14.76:8000/tradelectronic	0		0
TRADITIONAL LATIN MUSIC	http://79.120.39.202:8000/salsa	0		0
TRADITIONAL POP / CLASSIC POP	http://213.141.131.10:8000/tradpop	0		0
TRAILER / PRODUCTION MUSIC	http://79.111.119.111:8000/trailer	0		0
TRANCE (ELECTRONIC MUSIC)	http://79.120.77.11:8000/trance	0		0
Trance Classics	http://46.148.234.223:9010/trancehits_320	0		0
Trancehouse	http://46.148.234.223:9010/trancehouse_320	0		0
Trancemission	http://46.148.234.223:9010/tm_320	0		0
Trap	http://46.148.234.223:9010/trap_320	0		0
TRIBAL HOUSE	http://213.141.131.10:8000/tribalhouse	0		0
TRIP-HOP	http://79.111.14.76:8000/triphop	0		0
Trip-Hop RadCap	http://79.111.14.76:8000/triphop	0		0
Tropical	http://46.148.234.223:9010/trop_320	0		0
TURKISH POP / POP ROCK	http://213.141.131.10:8000/turkishpop	0		0
TWILIGHT / PSYTRANCE	http://79.120.12.130:8000/twilightpsy	0		0
TWIST	http://79.111.119.111:8000/twist	0		0
Udshu Radio	http://io.waves.pw/radio.ogg	0		0
UgOnlineMedia	http://stream.zeno.fm/8t4dtkxfgkuuv	0		0
UK / BRITISH HIP-HOP / RAP	http://213.141.131.10:8000/ukhiphop	0		0
UK / British Hip-Hop / Rap RadCap	http://213.141.131.10:8000/ukhiphop	0		0
UK Garage	http://46.148.234.223:9010/ukgarage_320	0		0
Ultra Music Festival	http://46.148.234.223:9010/ultra_320	0		0
UNDERGROUND RAP / HIP-HOP	http://79.111.14.76:8000/undergroundrap	0		0
UNDERGROUND TECHNO / TECH HOUSE	http://213.141.131.10:8000/undergroundtechno	0		0
Underground Techno RadCap	http://213.141.131.10:8000/undergroundtechno	0	techno	0
Uplifting	http://46.148.234.223:9010/uplift_320	0		0
UPLIFTING TRANCE	http://79.111.119.111:8000/upliftingtrance	0		0
VIBRAPHONE IN JAZZ	http://213.141.131.10:8000/vibraphone	0		0
VIKING METAL	http://79.111.14.76:8000/vikingmetal	0		0
VIOLIN / VIOLINO	http://213.141.131.10:8000/violin	0		0
VIP House	http://46.148.234.223:9010/vip_320	0		0
VISUAL / NAGOYA / OSHARE / ANGURA KEI	http://79.120.12.130:8000/visualkei	0		0
VOCAL JAZZ / JAZZ SINGING	http://79.120.39.202:8000/vocaljazz	0		0
VOCAL TRANCE	http://79.120.39.202:8000/vocaltrance	0		0
VoxPop	http://stream.midlar.fo/voxpop	0		0
WEST COAST / GANGSTA RAP / G-FUNK	http://79.120.39.202:8000/gangstarap	0		0
WEST COAST BLUES	http://79.120.12.130:8000/westcoastblues	0		0
WESTERN SWING MUSIC	http://79.120.12.130:8000/westernswing	0		0
WITCH HOUSE	http://79.120.77.11:8000/witchhouse	0		0
Workout	http://46.148.234.223:9010/workout_320	0		0
workoutio	https://region-ru2.tunio.ai/workoutio.aac	0	AI	0
XO FM	http://live.xo.fm/xofm256	0	pop	0
ZYDECO / CAJUN / CREOLE MUSIC	http://213.141.131.10:8000/zydeco	0		0
Веснушка FM	http://46.148.234.223:9010/deti_320	0		0
Гастарбайтер FM	http://46.148.234.223:9010/gast_320	0		0
Гоп FM	http://46.148.234.223:9010/gop_320	0		0
ГУСЬ.Бигрум	https://stream.radiogoose.ru/listen/bigroom/play	0		0
ГУСЬ.Денскор	https://stream.radiogoose.ru/listen/dancecore/play	0		0
ГУСЬ.Дипхаус	https://stream.radiogoose.ru/listen/deep/play	0		0
ГУСЬ.Хардденс	https://stream.radiogoose.ru/listen/harddance/play	0		0
Дорожное радио	http://dorognoe.hostingradio.ru:8000/radio	0		0
Имя	Ссылка	0		0
Искатель	http://iskatel.hostingradio.ru:8015/iskatel-320.aac	0		0
Колбасный цех	http://46.148.234.223:9010/pump_320	0		0
Маятник Фуко	http://46.148.234.223:9010/mf_320	0		0
Медляк FM	http://46.148.234.223:9010/mdl_320	0		0
На Хайпе	http://46.148.234.223:9010/hype_320	0		0
На шашлыки!	http://46.148.234.223:9010/nashashlyki_320	0		0
Нафталин FM	http://46.148.234.223:9010/naft_320	0		0
Первое Светлое	http://streamer.radiovseti.ru:8000/320	0		0
Радио 7 (Москва)	http://emgregion.hostingradio.ru:8064/moscow.radio7.mp3	0		0
Радио Lofi	https://play.lofiradio.ru:8000/mp3_320	0	lounge	0
Радио Premium	http://listen.rpfm.ru:9000/premium256	0		0
Радио Берег	http://178.124.156.18:8000/HQ_320.mp3	0		0
Радио Болид	http://icecast-bulteam.cdnvideo.ru/bolid320	0		0
РАДИО ГУСЬ	https://stream.radiogoose.ru/listen/radiogoose/play	0		0
Радио Картина	http://rs.kartina.tv/kartina_320kb	0		0
Радио Книга FM	http://bookradio.hostingradio.ru:8069/fm	0		0
Радио Олдхит	http://radio.oldxit.ru:8030/radio	0		0
Радио Рекорд (Спб)	http://radiorecord.hostingradio.ru/rr_spb	0		0
Радио Русские песни	http://listen.rusongs.ru/ru-hd	0		0
Радио Русский Город	http://onair.radio1922.ru:8000/rt	0		0
Радио Сектор / Sector Progressive (flac)	http://89.223.45.5:8000/progressive-flac	0		0
Радио Сектор / Sector SPACE (flac)	http://89.223.45.5:8000/space-flac	0		0
Рекорд 00-х	http://46.148.234.223:9010/2000_320	0	dance	0
Ретро FM Disco	http://skymedia-live.bitflip.ee/retro1.mp3	0		0
Руки Вверх!	http://46.148.234.223:9010/rv_320	0		0
Русская Зима	http://46.148.234.223:9010/ruszima_320	0		0
Русское - Радио WOW	http://stream.vyshka24.ru/wowrusskoe	0		0
серебрянный дождь (Пермь)	https://trans.echoperm.ru:8000/silver_rain_backup	0		1
Симфония FM	http://46.148.234.223:9010/symph_320	0		0
Союз ФМ	http://soyuzfm.su:9000/soyuzfm-320.mp3	0		0
Супердискотека 90-х	http://46.148.234.223:9010/sd90_320	0	90s	0
ТНТ Music Радио	http://tntradio.hostingradio.ru:8027/tntmr256.mp3	0		0
