Radio BluesFlac	http://streams.radiomast.io/radioblues-flac	0	Избранное	jazz	Избранное
Radio Schizoid - ChilloutAmbient	http://94.130.113.214:8000/chill	0	Избранное
Radio Schizoid - Dub Techno	http://94.130.113.214:8000/dubtechno	0	Избранное
Radio Schizoid - Progressive Psychedelic Trance	http://94.130.113.214:8000/prog	0
Radio Schizoid - Psychedelic Trance	http://94.130.113.214:8000/schizoid	0
100-HIT-radio	https://radio1.streamserver.link/radio/8010/100hit-aac	0
1940 Radio	https://solid2.streamupsolutions.com/proxy/rsbudoyu?mp=/;type=mp3	0
2 FM	https://stream.pcradio.ru/hity_rossii-hi	0
2000	http://23.111.104.132:80/200096.aacp	0
4U 80's	http://streamingp.shoutcast.com/4u-80s	0
4U Classic Rock	http://streamingp.shoutcast.com/4u-classics-rock	0
4U Motown	http://str4uice.streamakaci.com/4umotown.mp3	0
7 FM	https://stream.pcradio.ru/stvradio_ru-hi	0
90's Rnb	http://strm112.1.fm/slowjamz_mobile_mp3	0
__WACKENRADIO__ by rautemusik (rm.fm)	https://wackenradio-high.rautemusik.fm/?ref=radiobrowser	0
ABBA	http://pub0101.101.ru:8000/stream/pro/aac/64/104?	0
All 60S Radionomy	http://keepfreemusic.com/60s.m3u	0
All Euro 80's	http://prmstrm.1.fm:8000/80s_90s	0
All Times Hits	http://prmstrm.1.fm:8000/allmixedup	0
AllZic 2000	http://allzic49.ice.infomaniak.ch/allzic49.mp3	0
AllZic 70's	http://allzic50.ice.infomaniak.ch/allzic50.mp3	0
AllZic 80's	http://allzic08.ice.infomaniak.ch/allzic08.mp3	0
AllZic 90's	http://allzic24.ice.infomaniak.ch/allzic24.mp3	0
AllZic Fête	http://allzic26.ice.infomaniak.ch/allzic26.mp3	0
AllZic Noel	http://allzic42.ice.infomaniak.ch/allzic42.mp3	0
Allzic Radio Black Music	http://allzic04.ice.infomaniak.ch/allzic04.mp3	0
Allzic Radio Classic	http://allzic06.ice.infomaniak.ch/allzic06.mp3	0
Allzic Radio Deep disco	http://allzic31.ice.infomaniak.ch/allzic31.mp3	0
Allzic Radio Enfoirés	http://allzic12.ice.infomaniak.ch/allzic12.mp3	0
Allzic Radio Humour	http://allzic25.ice.infomaniak.ch/allzic25.mp3	0
Allzic Radio Lounge	http://allzic21.ice.infomaniak.ch/allzic21.mp3	0
Allzic Radio Nationale 7	http://allzic38.ice.infomaniak.ch/allzic38.mp3	0
Allzic Radio Rock FM	http://allzic17.ice.infomaniak.ch/allzic17.mp3	0
Allzic Radio Top20	http://allzic41.ice.infomaniak.ch/allzic41.mp3	0
Alpes 1 Gap	http://alpes1gap.ice.infomaniak.ch/alpes1gap-high.mp3	0
Alpes 1 Grenoble	http://alpes1grenoble.ice.infomaniak.ch/alpes1grenoble-high.mp3	0
Alternative Rock X Hits	http://prmstrm.1.fm:8000/x	0
American Gold - Old Time Radio	http://cast2.asurahosting.com/proxy/americangold/stream	0
Antenna 1 Italy	http://s3.mediastreaming.it:7568/listen.pls	0
Antenne Bayern	http://s7-webradio.antenne.de/antenne/stream/mp3	0
Atlantis radio	http://stream1.hippynet.co.uk:8061/stream	0
Back to the 50's	http://strm112.1.fm/60s_70s_mobile_mp3	0
Beatles Radio	http://www.beatlesradio.com:8000/stream/1/	0
Best Of Rock.FM AC DC	https://bestofrockfm.stream.vip/acdc/mp3-256/bestofrock.fm/	0	Избранное
BGRADIO	http://play.global.audio/bgradio128.m3u	0	Избранное
Blues	http://prmstrm.1.fm:8000/blues	0	Избранное
Blues & Rock Radio	http://stream.laut.fm/bluesrock	0	Избранное
Blues Radio	http://cast3.radiohost.ovh:8352/	0
BluesRadio (MRG.fm)	http://listen.mrg.fm:8188/stream	0
centpourcent 80's	http://100radio-80.ice.infomaniak.ch/100radio-80-128.mp3	0
centpourcent 90's	http://100radio-90.ice.infomaniak.ch/100radio-90-128.mp3	0
centpourcent Souvenirs	http://100radio-souvenirs.ice.infomaniak.ch/100radio-souvenirs-128.mp3	0
Chante France	http://chantefrance.ice.infomaniak.ch/chantefrance-128.mp3	0
Chérie FM	http://cdn.nrjaudio.fm/audio1/fr/30201/mp3_128.mp3	0
Chérie FM Frenchy	http://cdn.nrjaudio.fm/adwz1/fr/30213/mp3_128.mp3	0
Classic 21	http://redbeemedia.streamabc.net/redbm-classic21-mp3-160-3491794	0
Classic Hits 4FM Ireland	http://stream.audioxi.com/CLASSIC	0
Classic Rock Florida	http://listen.shoutcast.com/classic-rockflorida.m3u	0
Classic21 60's	http://redbeemedia.streamabc.net/redbm-c2160s-mp3-128-2613200	0
Classic21 70's	http://redbeemedia.streamabc.net/redbm-c2170s-mp3-128-5029552	0
Classic21 80's	http://redbeemedia.streamabc.net/redbm-c2180s-mp3-128-4795946	0
Classic21 90's	http://redbeemedia.s28.mp3	0
Nostalgie Best-Of 70'S	http://cdn.nrjaudio.fm/adwz1/fr/30613/mp3_128.mp3	0
Nostalgie Chansons Francaises	http://cdn.nrjaudio.fm/adwz1/fr/30611/mp3_128.mp3	0
Nostalgie Rock	http://cdn.nrjaudio.fm/adwz1/fr/30621/mp3_128.mp3	0
Nostalgie Tous Les Tubes, Tous Les Styles	http://cdn.nrjaudio.fm/adwz1/fr/30699/mp3_128.mp3	0
Onda Libera Italy	http://s6.mediastreaming.it:9064/listen.pls	0
Orcières	http://imagine.net-radio.fr/orcieres-48.aac	0
Oui FM Top of the Week	http://ouifmtopoftheweek.ice.infomaniak.ch/ouifmtopweek.mp3	0
Oüi FM Acoustic	http://ouifmacoustic.ice.infomaniak.ch/ouifmacoustic.mp3	0
Oüi FM Alternatif	http://ouifm2.ice.infomaniak.ch/ouifm2.mp3	0
Oüi FM Bring the noise	http://ouifmbringthenoise.ice.infomaniak.ch/ouifmbringthenoise.mp3	0
Oüi FM Bring the noise	http://slowrock.ice.infomaniak.ch/ouifmslowrock.mp3	0
Oüi FM Classic Rock	http://ouifm3.ice.infomaniak.ch/ouifm3.mp3	0
Oüi FM Collector	http://stream.collectorradio.fr/ouifm6-128.mp3	0
Oüi FM Indé	http://ouifm5.ice.infomaniak.ch/ouifm5.mp3	0
Oüi FM Rock 2000	http://ouifmrock2000s.ice.infomaniak.ch/ouifmrock2000.mp3	0
Oüi FM Rock 60's	http://ouifmrock60s.ice.infomaniak.ch/ouifmsixties.mp3	0
Oüi FM Rock 70's	http://ouifmrock70s.ice.infomaniak.ch/ouifmseventies.mp3	0
Oüi FM Rock 80's	http://ouifmrock80s.ice.infomaniak.ch/ouifmeighties.mp3	0
Oüi FM Rock 90's	http://ouifmrock90s.ice.infomaniak.ch/ouifmnineties.mp3	0
Oüi FM Rock Français	http://ouifmrockfrancais.ice.infomaniak.ch/ouifmrockfrancais.mp3	0
Oüi FM Summertime	http://ouifmsummertime.ice.infomaniak.ch/ouifmsummertime.mp3	0
Oüi FM Woodstock	http://ouifmwoodstock.ice.infomaniak.ch/ouifmwoodstock.mp3	0
OüiI FM	http://ouifm.ice.infomaniak.ch/ouifm-high.mp3	0
Party Vibe radio	http://www.partyviberadio.com:8000/listen.pls?sid=1	0
Party Vibe Top 40	http://www.partyviberadio.com:8024/listen.pls?sid=1	0
Que Viva La Salsa	http://usa7.fastcast4u.com/proxy/lvaldi02?mp=/1	0
Radio Bloodstream	http://uk1.internet-radio.com:8294/live.m3u	0
RADIO BOB - 2000er Rock	https://streams.radiobob.de/2000er/mp3-192/streams.radiobob.de/play.m3u	0
RADIO BOB - 70er Rock	https://streams.radiobob.de/70errock/mp3-192/streams.radiobob.de/play.m3u	0
RADIO BOB - 80er Rock	https://streams.radiobob.de/bob-80srock/mp3-192/streams.radiobob.de/play.m3u	0
RADIO BOB - 90er Rock	https://streams.radiobob.de/bob-90srock/mp3-192/streams.radiobob.de/play.m3u	0
RADIO BOB - AC/DC Collection	https://streams.radiobob.de/bob-acdc/mp3-192/streams.radiobob.de/play.m3u	0
RADIO BOB - Alternative Rock	https://streams.radiobob.de/bob-alternative/mp3-192/streams.radiobob.de/	0
RADIO BOB - Alternative Rock	https://streams.radiobob.de/bob-alternative/mp3-192/streams.radiobob.de/play.m3u	0
RADIO BOB - Best of Rock	https://streams.radiobob.de/bob-bestofrock/mp3-192/streams.radiobob.de/play.m3u	0
RADIO BOB - Blues	https://streams.radiobob.de/blues/mp3-192/streams.radiobob.de/play.m3u	0
RADIO BOB - BOB's Livestream	http://streams.radiobob.de/bob-national/mp3-192/mediaplayer	0
RADIO BOB - BossHoss Rockshow	https://streams.radiobob.de/bosshoss/mp3-192/streams.radiobob.de/play.m3u	0
RADIO BOB - Britpop	https://streams.radiobob.de/bob-britpop/mp3-192/streams.radiobob.de/play.m3u	0
RADIO BOB - Chillout Unplugged Songs	https://streams.radiobob.de/bob-chillout/mp3-192/streams.radiobob.de/play.m3u	0
RADIO BOB - Christmas Rock	https://streams.radiobob.de/bob-christmas/mp3-192/streams.radiobob.de/play.m3u	0
RADIO BOB - Classic Rock	https://streams.radiobob.de/bob-classicrock/mp3-192/streams.radiobob.de/play.m3u	0
RADIO BOB - College Rock	https://streams.radiobob.de/collegerock/mp3-192/streams.radiobob.de/play.m3u	0
RADIO BOB - Country	https://streams.radiobob.de/country/mp3-192/streams.radiobob.de/play.m3u	0
RADIO BOB - Death Metal	https://streams.radiobob.de/deathmetal/mp3-192/streams.radiobob.de/play.m3u	0
RADIO BOB - Deutsch Rock	https://streams.radiobob.de/bob-deutsch/mp3-192/streams.radiobob.de/	0
RADIO BOB - Deutsch Rock	https://streams.radiobob.de/bob-deutsch/mp3-192/streams.radiobob.de/play.m3u	0
RADIO BOB - Donots	https://streams.radiobob.de/donots/mp3-192/streams.radiobob.de/play.m3u	0
RADIO BOB - Electro Rock	https://streams.radiobob.de/electrorock/mp3-192/streams.radiobob.de/play.m3u	0
RADIO BOB - Emo	https://streams.radiobob.de/emo/mp3-192/streams.radiobob.de/play.m3u	0
RADIO BOB - Festival	https://streams.radiobob.de/bob-festival/mp3-192/streams.radiobob.de/play.m3u	0
RADIO BOB - Folk Rock	https://streams.radiobob.de/folkrock/mp3-192/streams.radiobob.de/play.m3u	0
RADIO BOB - Fury in the Slaughterhouse	https://streams.radiobob.de/fury/mp3-192/streams.radiobob.de/play.m3u	0
RADIO BOB - Gastro Stream	https://streams.radiobob.de/gastro/mp3-192/streams.radiobob.de/play.m3u	0
RADIO BOB - Gastro Stream 2	https://streams.radiobob.de/gastro2/mp3-192/streams.radiobob.de/play.m3u	0
RADIO BOB - Gothic Rock	https://streams.radiobob.de/gothic/mp3-192/streams.radiobob.de/play.m3u	0
RADIO BOB - Grunge	https://streams.radiobob.de/bob-grunge/mp3-192/streams.radiobob.de/play.m3u	0
RADIO BOB - Guitar Heroes	https://streams.radiobob.de/guitarheroes/mp3-192/streams.radiobob.de/play.m3u	0
RADIO BOB - Hardrock	https://streams.radiobob.de/bob-hardrock/mp3-192/streams.radiobob.de/play.m3u	0
RADIO BOB - Harte Saite	https://streams.radiobob.de/bob-hartesaite/mp3-192/streams.radiobob.de/play.m3u	0
RADIO BOB - KISS	https://streams.radiobob.de/kiss/mp3-192/streams.radiobob.de/play.m3u	0
RADIO BOB - Kuschelrock	https://streams.radiobob.de/bob-kuschelrock/mp3-192/streams.radiobob.de/play.m3u	0
RADIO BOB - Livestream Hessen	https://streams.radiobob.de/bob-live/mp3-192/streams.radiobob.de/play.m3u	0
RADIO BOB - Livestream National	https://streams.radiobob.de/bob-national/mp3-192/streams.radiobob.de/play.m3u	0
RADIO BOB - Livestream NRW	https://streams.radiobob.de/live-nrw-mitte/mp3-192/streams.radiobob.de/play.m3u	0
RADIO BOB - Metal	https://streams.radiobob.de/bob-metal/mp3-192/streams.radiobob.de/play.m3u	0
RADIO BOB - Metalcore	https://streams.radiobob.de/metalcore/mp3-192/streams.radiobob.de/play.m3u	0
RADIO BOB - Metallica	https://streams.radiobob.de/metallica/mp3-192/streams.radiobob.de/play.m3u	0
RADIO BOB - Mittelalter Rock	https://streams.radiobob.de/mittelalter/mp3-192/streams.radiobob.de/play.m3u	0
RADIO BOB - Mittelalter-Rock	https://streams.radiobob.de/mittelalter/mp3-192/streams.radiobob.de/	0
RADIO BOB - Motoerhead	https://streams.radiobob.de/motoerhead/mp3-192/streams.radiobob.de/play.m3u	0
RADIO BOB - Newcomer	https://streams.radiobob.de/newcomer/mp3-192/streams.radiobob.de/play.m3u	0
RADIO BOB - Nu Metal	https://streams.radiobob.de/numetal/mp3-192/streams.radiobob.de/play.m3u	0
RADIO BOB - Power Metal	https://streams.radiobob.de/powermetal/mp3-192/streams.radiobob.de/play.m3u	0
RADIO BOB - Prog Rock	https://streams.radiobob.de/progrock/mp3-192/streams.radiobob.de/play.m3u	0
RADIO BOB - Punk	https://streams.radiobob.de/bob-punk/mp3-192/streams.radiobob.de/play.m3u	0
RADIO BOB - Queen-Stream	https://streams.radiobob.de/bob-queen/mp3-192/streams.radiobob.de/play.m3u	0
RADIO BOB - Roadtrip	https://streams.radiobob.de/roadtrip/mp3-192/streams.radiobob.de/play.m3u	0
RADIO BOB - Rock Hits	http://streams.radiobob.de/bob-rockhits/mp3-192/mediaplayer	0
RADIO BOB - Rock Oldies	https://streams.radiobob.de/rockoldies/mp3-192/streams.radiobob.de/play.m3u	0
RADIO BOB - Rockabilly	https://streams.radiobob.de/bob-rockabilly/mp3-192/streams.radiobob.de/play.m3u	0
RADIO BOB - Rockparty	https://streams.radiobob.de/rockparty/mp3-192/streams.radiobob.de/	0
RADIO BOB - Rockparty	https://streams.radiobob.de/rockparty/mp3-192/streams.radiobob.de/play.m3u	0
RADIO BOB - Rolling Stones	https://streams.radiobob.de/rollingstones/mp3-192/streams.radiobob.de/play.m3u	0
RADIO BOB - SKA	https://streams.radiobob.de/ska/mp3-192/streams.radiobob.de/play.m3u	0
RADIO BOB - Southern Rock	https://streams.radiobob.de/southernrock/mp3-192/streams.radiobob.de/play.m3u	0
RADIO BOB - Stoner Rock	https://streams.radiobob.de/stonerrock/mp3-192/streams.radiobob.de/play.m3u	0
RADIO BOB - Summer Rock Hits	https://streams.radiobob.de/summerrock/mp3-192/streams.radiobob.de/play.m3u	0
RADIO BOB - Symphonic Metal	https://streams.radiobob.de/symphmetal/mp3-192/streams.radiobob.de/play.m3u	0
RADIO BOB - Tobias Sammet Rockshow	https://streams.radiobob.de/sammet/mp3-192/streams.radiobob.de/play.m3u	0
RADIO BOB - Unplugged	http://streams.radiobob.de/bob-chillout/mp3-192/mediaplayer/	0
RADIO BOB - Wacken Nonstop	http://streams.radiobob.de/bob-wacken/mp3-192/streams.radiobob.de/	0
RADIO BOB - Women Of Rock	https://streams.radiobob.de/womenofrock/mp3-192/streams.radiobob.de/play.m3u	0
RADIO BOB - Woodstock	https://streams.radiobob.de/woodstock/mp3-192/streams.radiobob.de/play.m3u	0
RADIO BOB - X-Mas Rock	http://streams.radiobob.de/bob-christmas/mp3-192/mediaplayer/	0
Radio caroline flashback	http://sc2.radiocaroline.net:10558/mp3	0
Radio classique	http://radioclassique.ice.infomaniak.ch/radioclassique-high.mp3	0
Radio Kiss FM (DE)	http://stream.kissfm.de/kissfm/mp3-192/internetradio/	0
Radio M's - Est-Parisien	http://listen.radioking.com/radio/126061/stream/165805	0
Radio Record Chill-out	http://radiorecord.hostingradio.ru/chil96.aacp	0
Radio Record Goa PSY	http://radiorecord.hostingradio.ru/goa96.aacp	0
Radio Record-Hardstyle	http://radiorecord.hostingradio.ru/teo96.aacp	0
Radio Record-Hypnotic	http://radiorecord.hostingradio.ru/hypno96.aacp	0
Radio Record-Rock	http://radiorecord.hostingradio.ru/rock96.aacp	0
Radio Record-Маятник Фуко	http://radiorecord.hostingradio.ru/mf96.aacp	0
Radio ROCKS Kyiv 103.6FM HD	https://online.radioroks.ua/RadioROKS_HD	0
Radio Sans Pub	http://live1.jupinfo.fr:8000/play	0
Radioparadise	https://stream.radioparadise.com/flac	0
Radioparadise mellow	https://stream.radioparadise.com/mellow-flac	0
Rammstein	https://bestofrockfm.stream.vip/rammstein/mp3-256	0
Rammstein 18+	https://stream.pcradio.ru/Rammstein-hi	0
Retro FM	https://edge02.cdn.bitflip.ee:8888/RETRO?_i=58a4d17d	0
Rhone FM	http://rhonefm.ice.infomaniak.ch/rhonefm-high.mp3	0
Rire et Chansons	http://cdn.nrjaudio.fm/audio1/fr/30401/mp3_128.mp3	0
Rire et Chansons Blagues	http://cdn.nrjaudio.fm/adwz1/fr/30411/mp3_128.mp3	0
Rire et Chansons Canulars	http://cdn.nrjaudio.fm/adwz1/fr/30413/mp3_128.mp3	0
Rire et Chansons Nouveautés	http://cdn.nrjaudio.fm/adwz1/fr/55818/mp3_128.mp3	0
Rire et Chansons Nouvelle generation	http://cdn.nrjaudio.fm/adwz1/fr/30405/mp3_128.mp3	0
Rire et Chansons Sketches	http://cdn.nrjaudio.fm/adwz1/fr/30407/mp3_128.mp3	0
RMC	http://audio.bfmtv.com/rmcradio_128.mp3	0
RMF Cuba	http://31.192.216.8:8000/rmf_cuba	0
ROCK FM METALLICA	http://stream.regenbogen2.de/metallica/mp3-128	0
RockRadio UA (РокРадіо UA)	https://rockradioua.online:8433/rock_256	0
RTL	http://icecast.rtl.fr/rtl-1-44-64	0
RTL2	http://icecast.rtl2.fr/rtl2-1-44-128	0
RTS couleur 3	http://stream.srg-ssr.ch/couleur3/mp3_128.m3u	0
Sky Radio 80's Hits	http://playerservices.streamtheworld.com/api/livestream-redirect/SRGSTR04.mp3	0
SkyRock	http://icecast.skyrock.net/s/natio_mp3_128k	0
StarFM	https://ice.leviracloud.eu/star96-aac	0
Sud Radio	http://start-sud.ice.infomaniak.ch/start-sud-high.mp3	0
Sunshine Ireland	http://sirius.shoutca.st:8291/listen.pls?sid=1	0
Sweat FM Blois	http://sweetfm-blois.ice.infomaniak.ch/sweetfm-blois-192.mp3	0
Tik Tok Hits	http://stream.europeanhitradio.com:8000/Stream_38.mp3	0
Tipik Pure FM	http://redbeemedia.streamabc.net/redbm-tipik-mp3-160-1909468	0
Tout nouveau tout FIP	http://direct.fipradio.fr/live/fip-webradio5.mp3	0
TROPICALISIMA.FM BACHATA	http://tropicalisima.net:8024/stream/1/	0
TROPICALISIMA.FM SALSA	http://tropicalisima.net:8020/stream/1/	0
Vibration classic hit Suisse	http://vibrationclassic80.stream2net.eu:8060/listen.pls	0
Vibration FM Suisse	http://vibration.stream2net.eu:8130/listen.pls	0
Vibration Latina Suisse	http://vibracionlatina.stream2net.eu:8410/listen.pls	0
Vibration PopRock Suisse	http://vibrationpoprock.stream2net.eu:8260/listen.pls	0
Virgin Radio Rockstar AC-DC	http://icy.unitedradio.it/um1026.mp3	0
Vivante FM Belgique	https://radio.pro-fhi.net:19361/stream	0
West City Radio	https://live.westcityradio.ro:8443/aac	0
Xtra FM Spain	http://stream.internetgirona.com:8000/onair	0
Авторадио	http://online-1.gkvr.ru:8000/s2.aac	0
Алсу	https://stream.pcradio.ru/Alsu-hi	0
Армейские песни (18+)	https://stream.pcradio.ru/Armejskie_pesni-med	0
Би-2	https://stream.pcradio.ru/Bi_2-hi	0
Виктор Цой (Кино)	https://stream.pcradio.ru/gr_Kino-hi	0
Витас	https://stream.pcradio.ru/Vitas-hi	0
Европа Плюс	http://online-1.gkvr.ru:8000/europa_krd_128.aac	0
За облаками Relax	https://stream.pcradio.ru/zaoblakami_relax-hi	0
Калинов Мост	https://stream.pcradio.ru/Kalinov_most-hi	0
Король и Шут	https://stream.pcradio.ru/Korol_i_Shut-hi	0
Лав Радио	http://217.19.211.252:8022/LoveRadio	0
Легенды FM	http://live.legendy.by:8000/legendyfm	0
Ленинград 18+	https://stream.pcradio.ru/Leningrad-hi	0
Линда	https://stream.pcradio.ru/Linda-hi	0
Любэ	https://stream.pcradio.ru/Lyube-hi	0
Ляпис Трубецкой	https://stream.pcradio.ru/Lyapis_Trubickoy-hi	0
Машина времени	https://stream.pcradio.ru/Mashina_Vremeni-hi	0
Мираж	https://stream.pcradio.ru/Mirazh-hi	0
Многоточие 18+	https://stream.pcradio.ru/Mnogotochie-hi	0
Модное Радио	https://stream.pcradio.ru/modnoeradio_ru-hi	0
Мумий Тролль	https://stream.pcradio.ru/Mumyi_Trol-hi	0
Наутилус Помпилиус	https://stream.pcradio.ru/Nautilus-hi	0
Наше Радио	http://nashe1.hostingradio.ru/nashe-256	0
Неслучайное Радио	https://stream.pcradio.ru/nes_rock_ru-hi	0
Новое радио	https://live.novoeradio.by:444/live/novoeradio_aac128/icecast.audio	0
Ногу свело	https://stream.pcradio.ru/Nogu_Svelo-hi	0
Отличное радио	http://listen1.myradio24.com:9000/8234	0
Пилот Фм	https://stream2.datacenter.by/pilotfm	0
Радио 05	http://radio05.ru:8000/radio05_128	0
Радио Maximum - Heavy 80s	http://maximum.hostingradio.ru/max8096.aacp	0
Радио Maximum - Heavy Monday	http://maximum.hostingradio.ru/heavymonday96.aacp	0
Радио Maximum - Linkin Park	http://maximum.hostingradio.ru/linkinpark96.aacp	0
Радио Maximum - Metallica	https://metallica.hostingradio.ru/metallica96.aacp	0
Радио Maximum - Rammstein	http://maximum.hostingradio.ru/rammstein96.aacp	0
Радио Maximum - Rock Hits	http://maximum.hostingradio.ru/rockhits96.aacp	0
Радио Paradise	http://stream.radioparadise.com:80/aac-320	0
Радио SP12	https://myradio24.org/5894	0
Радио Рекорд Ambient	https://radiorecord.hostingradio.ru/ambient96.aacp	0
Радио Рекорд Chillhouse	https://radiorecord.hostingradio.ru/chillhouse96.aacp	0
Радио Рекорд Lofi	https://radiorecord.hostingradio.ru/lofi96.aacp	0
Радио Рекорд Summerparty	https://radiorecord.hostingradio.ru/summerparty96.aacp	0
Радио Рокс	http://online.radioroks.ua/RadioROKS	0
Радио России	https://stream.pcradio.ru/radiorus_ru-hi	0
Радио Русь	https://stream.pcradio.ru/radio_rus-hi	0
Радио СССР	https://stream.pcradio.ru/SSSR-hi	0
Радиус FM	https://stream.pcradio.ru/radius_fm-hi	0
Ранетки	https://stream.pcradio.ru/Ranetki-hi	0
Редкие Рыбы 18+	https://stream.pcradio.ru/redkie_ryby-hi	0
Ретро FM (Москва)	https://stream.pcradio.ru/retrofm_ru-hi	0
Ретро FM (Москва) - 70е	https://stream.pcradio.ru/retrofm_ru_70s-hi	0
Ретро FM (Москва) - 80е	https://stream.pcradio.ru/retrofm_ru_80s-hi	0
Ретро FM (Москва) - 90е	https://stream.pcradio.ru/retrofm_ru_90s-hi	0
Ретро FM (Москва) - Вечеринка Ретро FM	https://stream.pcradio.ru/retrofm_mos_vech-hi	0
Ретро FM (Москва) - Сан-ремо	https://stream.pcradio.ru/retrofm_mos_sanremo-hi	0
Русские хиты	https://radiorecord.hostingradio.ru/russianhits96.aacp	0
Русский gold	https://radiorecord.hostingradio.ru/russiangold96.aacp	0
Русский Рэп 18+	https://stream.pcradio.ru/Rap-hi	0
Русский рок	https://stream.pcradio.ru/russkiy_rock-hi	0
Русское	https://stream.pcradio.ru/rusradio-hi	0
Русское Радио	https://rusradio.hostingradio.ru/rusradio96.aacp	0
Русское Радио - Высоцкий	http://rusradio.hostingradio.ru/vysockij96.aacp	0
Русское Радио - Звездатые 10е	http://rusradio.hostingradio.ru/rr1096.aacp	0
Русское Радио - Золотой Граммофон	http://rusradio.hostingradio.ru/zolotoigrammofon96.aacp	0
Русское Радио - Лихие 90е	http://rusradio.hostingradio.ru/rr9096.aacp	0
Русское Радио - Родные Нулевые	http://rusradio.hostingradio.ru/rr0096.aacp	0
Русское Радио - Русское Кино	http://rusradio.hostingradio.ru/russkoekino96.aacp	0
Русское Радио - Советская классика	http://rusradio.hostingradio.ru/sovclass96.aacp	0
Русское Радио Азия	https://stream.pcradio.ru/rusradio_asia-hi	0
Свежа България	http://31.13.223.148:8000/fresh.mp3	0
Сектор газа 18+	https://stream.pcradio.ru/Sector_Gaza-hi	0
Сплин	https://stream.pcradio.ru/Splin-hi	0
Спокойное радио	https://stream.pcradio.ru/spokoinoeradioru-hi	0
Сталіца	https://stream.pcradio.ru/radiostalica_by-hi	0
Старое Доброе Радио	https://stream.pcradio.ru/staroedobroe_ru-hi	0
Таня Буланова	https://stream.pcradio.ru/Bulanova-hi	0
Тату (t.A.T.u.)	https://stream.pcradio.ru/Tatu-hi	0
Твой день	https://stream.pcradio.ru/tvoyden_myrh-hi	0
Твоё радио	https://stream.pcradio.ru/clubraysl_ru-hi	0
Топ40	https://stream.pcradio.ru/Top_40-hi	0
Упоротая волна	https://stream.pcradio.ru/uporotaya-hi	0
Фактор-2 18+	https://stream.pcradio.ru/Faktor_2-hi	0
Филипп Киркоров	https://stream.pcradio.ru/Filpp_Kirkorov-hi	0
Форум	https://stream.pcradio.ru/Forum-hi	0
Французская музыка	https://stream.pcradio.ru/France-hi	0
Х_й Забей 18+	https://stream.pcradio.ru/Hui_Zabey-hi	0
Хит плюс	https://stream.pcradio.ru/Hit_plus-hi	0
Хит!	https://stream.pcradio.ru/Pop-hi	0
Хиты 90-х	https://stream.pcradio.ru/e_90-hi	0
Хіт FM	https://online.hitfm.ua/HitFM_HD	0
Хіт ФМ Найбільші хіти	http://online.hitfm.ua/HitFM_Best	0
Чайф	https://stream.pcradio.ru/Chaif-hi	0
Чипльдук	https://stream.pcradio.ru/chipelduk-hi	0
Шоколад	https://stream.pcradio.ru/chocoradio_ru-hi	0
Шоу Голос	https://stream.pcradio.ru/Golos-hi	0
Шура Каретный 18+	https://stream.pcradio.ru/Shura_Karetniy-hi	0
ЭкоРадио	https://stream.pcradio.ru/ekoradio_ru-hi	0
Электроклуб	https://stream.pcradio.ru/Jelektroklub-hi	0
Эльдорадио	https://stream.pcradio.ru/eldoradio-hi	0
Этническая музыка	https://stream.pcradio.ru/Etno-hi	0
Югра	https://stream.pcradio.ru/ugra_ru-hi	0
Юнитон FM 100.7	https://stream.pcradio.ru/unitonru-hi	0
Юрий Антонов	https://stream.pcradio.ru/Jurij_Antonov-hi	0
Юрий Лоза	https://stream.pcradio.ru/Loza-hi	0
ЯпаРадио	https://myradio24.org/94624	0
ЯсенБит 18+	https://stream.pcradio.ru/yasenbit_net-hi	0
Яхт-Радио	https://stream.pcradio.ru/yacht_radio-hi	0
- 0 N - Blues on Radio	https://0n-blues.radionetz.de/0n-blues.mp3	0
1.FM - Blues Radio	http://strm112.1.fm/blues_mobile_mp3	0
61 BLUES	https://hts06.brascast.com:10182/live	0
A MISSISSIPPI BLUES	https://cast1.torontocast.com:4450/;?type=http&nocache=1745625391	0
Aardvark Blues	http://streaming.live365.com/b77280_128mp3	0
Aardvark Blues FM	https://ais-sa5.cdnstream1.com/b77280_128mp3	0
All Blues Radio	http://equinox.shoutca.st:8788/;	0
Allzic Radio Blues	http://allzic09.ice.infomaniak.ch/allzic09.mp3	0
Bar Legend Radio	https://solid24.streamupsolutions.com/proxy/nilxzqeg?mp=/stream	0
Big Blue Swing	http://radio.bigblueswing.com:8002/;64bit.mp3	0
Blues - Caprice Radio	http://79.120.77.11:8000/blues	0
Blues & Rock Radio	http://stream.laut.fm/bluesrock	0
Blues Club - Laut.FM	http://stream.laut.fm/bluesclub	0
Blues Radio Greece	http://cast3.radiohost.ovh:8352/	0
BluesRadio (MRG.fm)	http://listen.mrg.fm:8188/stream	0
BluesWave Radio	https://blueswave.radio:8100/hifiblues	0
Classic 21 Blues	http://radios.rtbf.be/wr-c21-blues-128.mp3	0
Country/folk blues - Radio Caprice	http://79.120.77.11:8004/countryblues	0
EBS | Blues	https://azura.ebsmedia.ro/listen/blues/blues128.mp3	0
Exclusive BB King	https://streaming.exclusive.radio/er/bbking/icecast.audio	0
Exclusively Allman Brothers	https://streaming.exclusive.radio/er/allmanbrothers/icecast.audio	0
Exclusively Ella Fitzgerald	https://2.mystreaming.net/er/ellafitzgerald/icecast.audio	0
Exclusively John Lee Hooker	https://streaming.exclusive.radio/er/johnleehooker/icecast.audio	0
Exclusively Tom Waits	https://nl4.mystreaming.net/er/tomwaits/icecast.audio	0
GotRadio - Bit O Blues	http://pureplay.cdnstream1.com/6019_128.mp3	0
Houston Blues Radio	http://edge3.peta.live365.net/b76353_128mp3	0
Jazz Radio Blues	http://jazzblues.ice.infomaniak.ch/jazzblues-high.mp3	0
JazzRadio.fr Blues	https://jazzblues.ice.infomaniak.ch/jazzblues-high.mp3	0
Joint Radio Blues Rock	https://jointil.com/stream-blues	0
Jump Blues - Caprice Radio	http://213.141.131.10:8000/jumpblues	0
Laut.FM BluesRockCafe	http://stream.laut.fm/bluesrockcafe	0
Louisiana/Swamp/New Orleans Blues - Radio Caprice	http://213.141.131.10:8004/louisianablues	0
Pinguin Blues	https://samcloud.spacial.com/api/listen?sid=93462&m=sc&rid=168006	0
Radio Art - Acoustic Blues	http://air.radioart.com/fAcoustic_blues.mp3	0
Radio Art Acoustic Blues	https://live.radioart.com/fAcoustic_blues.mp3	0
Radio Blues Djerdan	https://stream.zeno.fm/vxr78nb51k8uv	0
Radio Caprice - Chicago blues	http://79.111.14.76:8000/chicagoblues	0
Radio Caprice - Harmonica Blues	http://79.120.39.202:9081/	0
Radio Free Americana	https://thassos.cdnstream.com:9950/stream	0
RadioArt: Just Blues	http://live.radioart.com/fJust_blues.mp3	0
RMF Blues	http://31.192.216.10/BLUES	0
Rock and Blues Athens	https://tls-chrome.live24.gr/3253?http://78.129.132.7:35663/	0
ROCK ANTENNE BLUES ROCK	https://stream.rockantenne.de/hair-metal/stream/mp3	0
Rock Fm Blues	https://live.rockfm.ro/blues	0
Rock The Blues	http://stream.laut.fm/rock-the-blues	0
Rock The World - Blues Rock	https://drive.uber.radio/uber/rtwblues/icecast.audio	0
Slide Guitar / Caprice Radio	http://213.141.131.10:8000/slideguitar	0
Texas Blues - Radio Caprice	http://79.111.14.76:8004/texasblues	0
Too Much Too Soon Radio	http://streaming.live365.com/a15209	0
Virgin Radio Rockstar: Rolling Stones	https://icy.unitedradio.it/VirginSpecialEvent.mp3	0
WDCB 90.9	http://wdcb-ice.streamguys.org/wdcb128	0
WGMC	http://greece-media.monroe.edu/wgmc3.mp3	0
WUMB Blues Boston 91.9	http://wumb.streamguys1.com/wumb919fast	0
WWOZ 90.7 New Orleans, LA	http://wwoz-sc.streamguys.com/wwoz-hi.mp3	0
Радио Монте Карло - Wonderful Blues	https://mc-blues.hostingradio.ru/blues96.aacp	0
Спокойное радио	https://listen1.myradio24.com/6262	0	ambient
Radio Schizoid - Chillout / Ambient	http://94.130.113.214:8000/chill	0	chill
ABC Lounge Radio	https://eu1.fastcast4u.com/proxy/kpmxz?mp=/1	0	ambient
Antenne Bayern - Chillout	http://mp3channels.webradio.antenne.de/chillout	0	chillout
Radio Monte Carlo 105.9 FM	https://icecast227.ptspb.ru:8443/monte	0	chillhouse
Smooth Chill	https://media-ssl.musicradio.com/ChillMP3	0	chillout
1.FM - Chillout Lounge Radio	http://strm112.1.fm/chilloutlounge_mobile_mp3	0	chillout
Costa Del Mar - Chillout	http://stream.cdm-chillout.com:8020/stream-AAC-Chill	0	chill
REGGAE CHILL CAFE	https://maggie.torontocast.com:2020/stream/reggaechillcafe	0	chill
dinamo.fm sleep	http://channels.dinamo.fm/sleep-mp3	0	ambient
- 0 N - Chillout on Radio	https://0n-chillout.radionetz.de/0n-chillout.aac	0	ambient
- 0 N - Smooth Jazz on Radio	https://0n-smoothjazz.radionetz.de/0n-smoothjazz.aac	0	chillout
Enigmatic 3 - Magnetic Chillout	http://radio.enigmatic.su:8050/radio	0	ambient
Chill FM Romania	http://edge126.rdsnet.ro:84/profm/chillfm.mp3	0	chill
VIP-Radios - Time To Relax	http://178.32.111.41:8048/stream-128kmp3-TimeToRelax	0	chillout
Sunshine Live - Chillout	http://stream.sunshine-live.de/sp8/mp3-192/stream.sunshine-live.de/	0	chillout
Chillout Ibiza FM	https://edge3.peta.live365.net/b05055_128mp3	0	chillout
1.FM - Ibiza Chill Tropical	http://strm112.1.fm/ibizachill_mobile_mp3?aw_0_req.gdpr=true	0	chill
Radio Art - Chillout	http://air.radioart.com/fChillout.mp3	0	chillout
TOP 100 CLUB CHARTS	https://breakz-2012-high.rautemusik.fm/?ref=radiobrowser-top100-clubcharts	0	chill
Frisky Chill	http://chill.friskyradio.com/friskychill_mp3_high	0	chillout
Psyndora Chillout	http://cast.magicstreams.gr:9125/stream	0	chill
Luxury Lounge	http://188.40.109.122:8000/ices3	0	chillout
Naxi Radio	http://naxidigital-cafe128.streaming.rs:8020/;stream.nsv	0	chill
Radio Caprice - Erotic	http://79.120.39.202:8000/erotic	0	chill
EPIC CLASSICAL	https://stream.epic-classical.com/classical-music-for-sleep	0	ambient
Relax FM Chillout	https://pub0201.101.ru/stream/trust/mp3/128/24?	0	chill
Epic Lounge - SLEEP & MEDITATION	https://stream.epic-lounge.com/sleep-meditation?ref=radiobrowser	0	ambient and relaxation music
Sovietwave	http://station.waveradio.org/soviet.mp3	0	chillout
AIRPORT LOUNGE RADIO	https://az1.mediacp.eu/listen/airport-lounge-radio/radio.mp3	0	aereoporto
DnB&EDM	https://edmdnb.com:448/radio/8000/radio.mp3	0	chillstep
SBS Chill	http://sbs-ice.streamguys1.com/sbschill	0	chillout
Psyradio * fm - chillout	http://streamer.psyradio.org:8020/;listen.mp3	0	chillout
Nightride FM - Chillsynth	https://stream.nightride.fm/chillsynth.mp3	0	chillsynth
CHILLOUT PIANO by Epic Piano	https://stream.epic-piano.com/chillout-piano?ref=radiobrowser	0	chillout
Радио Романтика	https://pub0202.101.ru:8443/stream/air/aac/64/101	0	chillout
Allzic Radio Chill Out	http://allzic53.ice.infomaniak.ch/allzic53.mp3	0	chillout
Traxx FM - Ambient	http://traxx011.ice.infomaniak.ch/traxx011-low.mp3	0	ambient
Chill Lounge Florida (USA)	https://vip2.fastcast4u.com/proxy/chillfla?mp=/1	0	ambient
ABradio Chillout	http://mp3stream4.abradio.cz/chillout128.mp3	0	chillout
Nightwave Plaza OPUS 96	http://radio.plaza.one/opus	0	aesthetic
RadiOzora Chill	http://chill.out.airtime.pro:8000/chill_a	0	chill
Lofi 24/7	http://usa9.fastcast4u.com/proxy/jamz?mp=/1	0	chillout
Epic Lounge - CHILLOUT LOUNGE	https://stream.epic-lounge.com/chillout-lounge?ref=radiobrowser	0	ambient
Vanilla	https://play.global.audio/vanillahi.aac	0	chill out
Chillout Tree Pines	http://n0f.radiojar.com/n4dzb3znn3quv.mp3?rj-ttl=5&rj-tok=AAABeKi_TokAUTY4EzBEHHiJzQ	0	chillout
Chilltrax	http://server1.chilltrax.com:9050/;	0	chillout
1.FM - Afterbeat Electronica Radio	http://strm112.1.fm/electronica_mobile_mp3	0	chillout
A.M. ambient	http://radio.stereoscenic.com/ama-h	0	ambient
Seven Rays - 7rays	http://7rays.stream.laut.fm/7rays	0	ambient
Kaaosradio - 24h Chill	http://stream.kaaosradio.fi:8000/chill	0	chillout
Ambient Sleeping Pill	http://radio.stereoscenic.com/asp-h	0	ambient
Cryosleep	http://streams.echoesofbluemars.org:8000/cryosleep	0	ambient
Total instrumental	http://stream.laut.fm/total-instrumental	0	ambient
Dinamo.fm sleep	http://channels.dinamo.fm/sleep-mp3	0	ambient
Radio Art - Meditation	http://air-tunein.radioart.com/fMeditation.mp3	0	ambient
AIRPORT LOUNGE RADIO	https://az1.mediacp.eu/listen/airport-lounge-radio/radio.mp3	0	aereoporto
MyNoise Pure Nature	https://purenature-mynoise.radioca.st/stream	0	ambient
Radio Nature	https://stream.zeno.fm/3ac97ysh6f0uv.aac	0	ambient and relaxation music
Slow Focus | NTS	https://stream-mixtape-geo.ntslive.net/mixtape	0	ambient
Ambient.fm	https://ambient.fm/live/	0	ambient
Darkwaveradio	https://live.webhosting4u.gr:1185/stream	0	chill
1 A - Relax von 1A Radio	https://1a-relax.radionetz.de/1a-relax.mp3	0	ambient
Positively Meditation -om	https://streaming.positivity.radio/pr/posimeditation/icecast.audio	0	ambient and relaxation music
Positively Sleep Relax -om	https://streaming.positivity.radio/pr/sleeprelax/icecast.audio	0	ambient and relaxation music
MyNoise Siren Songs	http://sirensongs-mynoise.radioca.st/stream	0	ambient
Black Rhino Radio	https://blackrhinoradio.out.airtime.pro/blackrhinoradio_a	0	ambient
N05 NATURE EN	https://www.radioking.com/play/the-river-of-calm/88075	0	ambient
Concertzender De Gehoorde Stilte	http://streams.greenhost.nl:8080/gehoordestilte	0	ambient
CoSTa's Ambient Radio	https://pc.costa-server.info.pl:11020/listen/costas_ambient_radio/radio.mp3	0	ambient
RMF Chillout	http://31.192.216.8/CHILLOUT	0	chillout
Radio Pasja - Chillout	http://91.232.4.33:8108/stream2	0	chillout
Chillizet Ladies -om	https://ch01.cdn.eurozet.pl/CHILAD.mp3?t=1709721264195?redirected=01	0	chill
Nashe classic	http://nashe1.hostingradio.ru/nasheclassic.mp3	0
Intense Radio - We love Dance #HQ# FLAC	http://secure.live-streams.nl/flac.ogg	0	90s
Radio Paradise Rock Mix FLAC	https://stream.radioparadise.com/rock-flac	0	alternative
Radio Paradise Mellow Mix FLAC	https://stream.radioparadise.com/mellow-flac	0	california
Radio Paradise Main Mix FLAC	https://stream.radioparadise.com/flac	0	california
Radio Paradise Main Mix (EU) FLAC+meta	http://stream-uk1.radioparadise.com/flacm	0	california
Radio Paradise World/Etc Mix FLAC	https://stream.radioparadise.com/world-etc-flac	0	california
Radio Paradise Rock Mix FLAC+meta	http://stream.radioparadise.com/rock-flacm	0	california
